collection_url,image_url,image_alt,image_name,image_path,image_size,image_width,image_height,image_format,image_mode
https://door11.com/mugler-couture-spring-summer-2023-paris/,https://media.door11.com/wp-content/uploads/2023/01/Mugler-Couture-Spring-Summer-2023-Paris-Fashion-Week-Runway-001.jpg,,Mugler-Couture-Spring-Summer-2023-Paris-Fashion-Week-Runway-001.jpg,mugler-couture-spring-summer-2023-paris/Mugler-Couture-Spring-Summer-2023-Paris-Fashion-Week-Runway-001.jpg,205425,1706,2560,JPEG,RGB
https://door11.com/mugler-couture-spring-summer-2023-paris/,https://media.door11.com/wp-content/uploads/2023/01/Mugler-Couture-Spring-Summer-2023-Paris-Fashion-Week-Runway-005.jpg,,Mugler-Couture-Spring-Summer-2023-Paris-Fashion-Week-Runway-005.jpg,mugler-couture-spring-summer-2023-paris/Mugler-Couture-Spring-Summer-2023-Paris-Fashion-Week-Runway-005.jpg,197395,1706,2560,JPEG,RGB
https://door11.com/mugler-couture-spring-summer-2023-paris/,https://media.door11.com/wp-content/uploads/2023/01/Mugler-Couture-Spring-Summer-2023-Paris-Fashion-Week-Runway-009.jpg,,Mugler-Couture-Spring-Summer-2023-Paris-Fashion-Week-Runway-009.jpg,mugler-couture-spring-summer-2023-paris/Mugler-Couture-Spring-Summer-2023-Paris-Fashion-Week-Runway-009.jpg,189191,1706,2560,JPEG,RGB
https://door11.com/mugler-couture-spring-summer-2023-paris/,https://media.door11.com/wp-content/uploads/2023/01/Mugler-Couture-Spring-Summer-2023-Paris-Fashion-Week-Runway-013.jpg,,Mugler-Couture-Spring-Summer-2023-Paris-Fashion-Week-Runway-013.jpg,mugler-couture-spring-summer-2023-paris/Mugler-Couture-Spring-Summer-2023-Paris-Fashion-Week-Runway-013.jpg,265599,1706,2560,JPEG,RGB
https://door11.com/mugler-couture-spring-summer-2023-paris/,https://media.door11.com/wp-content/uploads/2023/01/Mugler-Couture-Spring-Summer-2023-Paris-Fashion-Week-Runway-017.jpg,,Mugler-Couture-Spring-Summer-2023-Paris-Fashion-Week-Runway-017.jpg,mugler-couture-spring-summer-2023-paris/Mugler-Couture-Spring-Summer-2023-Paris-Fashion-Week-Runway-017.jpg,236808,1706,2560,JPEG,RGB
https://door11.com/mugler-couture-spring-summer-2023-paris/,https://media.door11.com/wp-content/uploads/2023/01/Mugler-Couture-Spring-Summer-2023-Paris-Fashion-Week-Runway-002.jpg,,Mugler-Couture-Spring-Summer-2023-Paris-Fashion-Week-Runway-002.jpg,mugler-couture-spring-summer-2023-paris/Mugler-Couture-Spring-Summer-2023-Paris-Fashion-Week-Runway-002.jpg,227252,1706,2560,JPEG,RGB
https://door11.com/mugler-couture-spring-summer-2023-paris/,https://media.door11.com/wp-content/uploads/2023/01/Mugler-Couture-Spring-Summer-2023-Paris-Fashion-Week-Runway-006.jpg,,Mugler-Couture-Spring-Summer-2023-Paris-Fashion-Week-Runway-006.jpg,mugler-couture-spring-summer-2023-paris/Mugler-Couture-Spring-Summer-2023-Paris-Fashion-Week-Runway-006.jpg,253539,1706,2560,JPEG,RGB
https://door11.com/mugler-couture-spring-summer-2023-paris/,https://media.door11.com/wp-content/uploads/2023/01/Mugler-Couture-Spring-Summer-2023-Paris-Fashion-Week-Runway-010.jpg,,Mugler-Couture-Spring-Summer-2023-Paris-Fashion-Week-Runway-010.jpg,mugler-couture-spring-summer-2023-paris/Mugler-Couture-Spring-Summer-2023-Paris-Fashion-Week-Runway-010.jpg,302100,1706,2560,JPEG,RGB
https://door11.com/mugler-couture-spring-summer-2023-paris/,https://media.door11.com/wp-content/uploads/2023/01/Mugler-Couture-Spring-Summer-2023-Paris-Fashion-Week-Runway-014.jpg,,Mugler-Couture-Spring-Summer-2023-Paris-Fashion-Week-Runway-014.jpg,mugler-couture-spring-summer-2023-paris/Mugler-Couture-Spring-Summer-2023-Paris-Fashion-Week-Runway-014.jpg,173661,1706,2560,JPEG,RGB
https://door11.com/mugler-couture-spring-summer-2023-paris/,https://media.door11.com/wp-content/uploads/2023/01/Mugler-Couture-Spring-Summer-2023-Paris-Fashion-Week-Runway-018.jpg,,Mugler-Couture-Spring-Summer-2023-Paris-Fashion-Week-Runway-018.jpg,mugler-couture-spring-summer-2023-paris/Mugler-Couture-Spring-Summer-2023-Paris-Fashion-Week-Runway-018.jpg,246243,1706,2560,JPEG,RGB
https://door11.com/mugler-couture-spring-summer-2023-paris/,https://media.door11.com/wp-content/uploads/2023/01/Mugler-Couture-Spring-Summer-2023-Paris-Fashion-Week-Runway-003.jpg,,Mugler-Couture-Spring-Summer-2023-Paris-Fashion-Week-Runway-003.jpg,mugler-couture-spring-summer-2023-paris/Mugler-Couture-Spring-Summer-2023-Paris-Fashion-Week-Runway-003.jpg,172848,1706,2560,JPEG,RGB
https://door11.com/mugler-couture-spring-summer-2023-paris/,https://media.door11.com/wp-content/uploads/2023/01/Mugler-Couture-Spring-Summer-2023-Paris-Fashion-Week-Runway-007.jpg,,Mugler-Couture-Spring-Summer-2023-Paris-Fashion-Week-Runway-007.jpg,mugler-couture-spring-summer-2023-paris/Mugler-Couture-Spring-Summer-2023-Paris-Fashion-Week-Runway-007.jpg,216090,1706,2560,JPEG,RGB
https://door11.com/mugler-couture-spring-summer-2023-paris/,https://media.door11.com/wp-content/uploads/2023/01/Mugler-Couture-Spring-Summer-2023-Paris-Fashion-Week-Runway-011.jpg,,Mugler-Couture-Spring-Summer-2023-Paris-Fashion-Week-Runway-011.jpg,mugler-couture-spring-summer-2023-paris/Mugler-Couture-Spring-Summer-2023-Paris-Fashion-Week-Runway-011.jpg,259847,1706,2560,JPEG,RGB
https://door11.com/mugler-couture-spring-summer-2023-paris/,https://media.door11.com/wp-content/uploads/2023/01/Mugler-Couture-Spring-Summer-2023-Paris-Fashion-Week-Runway-015.jpg,,Mugler-Couture-Spring-Summer-2023-Paris-Fashion-Week-Runway-015.jpg,mugler-couture-spring-summer-2023-paris/Mugler-Couture-Spring-Summer-2023-Paris-Fashion-Week-Runway-015.jpg,204149,1706,2560,JPEG,RGB
https://door11.com/mugler-couture-spring-summer-2023-paris/,https://media.door11.com/wp-content/uploads/2023/01/Mugler-Couture-Spring-Summer-2023-Paris-Fashion-Week-Runway-019.jpg,,Mugler-Couture-Spring-Summer-2023-Paris-Fashion-Week-Runway-019.jpg,mugler-couture-spring-summer-2023-paris/Mugler-Couture-Spring-Summer-2023-Paris-Fashion-Week-Runway-019.jpg,266130,1706,2560,JPEG,RGB
https://door11.com/mugler-couture-spring-summer-2023-paris/,https://media.door11.com/wp-content/uploads/2023/01/Mugler-Couture-Spring-Summer-2023-Paris-Fashion-Week-Runway-004.jpg,,Mugler-Couture-Spring-Summer-2023-Paris-Fashion-Week-Runway-004.jpg,mugler-couture-spring-summer-2023-paris/Mugler-Couture-Spring-Summer-2023-Paris-Fashion-Week-Runway-004.jpg,218797,1706,2560,JPEG,RGB
https://door11.com/mugler-couture-spring-summer-2023-paris/,https://media.door11.com/wp-content/uploads/2023/01/Mugler-Couture-Spring-Summer-2023-Paris-Fashion-Week-Runway-008.jpg,,Mugler-Couture-Spring-Summer-2023-Paris-Fashion-Week-Runway-008.jpg,mugler-couture-spring-summer-2023-paris/Mugler-Couture-Spring-Summer-2023-Paris-Fashion-Week-Runway-008.jpg,281442,1706,2560,JPEG,RGB
https://door11.com/mugler-couture-spring-summer-2023-paris/,https://media.door11.com/wp-content/uploads/2023/01/Mugler-Couture-Spring-Summer-2023-Paris-Fashion-Week-Runway-012.jpg,,Mugler-Couture-Spring-Summer-2023-Paris-Fashion-Week-Runway-012.jpg,mugler-couture-spring-summer-2023-paris/Mugler-Couture-Spring-Summer-2023-Paris-Fashion-Week-Runway-012.jpg,207218,1706,2560,JPEG,RGB
https://door11.com/mugler-couture-spring-summer-2023-paris/,https://media.door11.com/wp-content/uploads/2023/01/Mugler-Couture-Spring-Summer-2023-Paris-Fashion-Week-Runway-016.jpg,,Mugler-Couture-Spring-Summer-2023-Paris-Fashion-Week-Runway-016.jpg,mugler-couture-spring-summer-2023-paris/Mugler-Couture-Spring-Summer-2023-Paris-Fashion-Week-Runway-016.jpg,206922,1706,2560,JPEG,RGB
https://door11.com/mugler-couture-spring-summer-2023-paris/,https://media.door11.com/wp-content/uploads/2023/01/Mugler-Couture-Spring-Summer-2023-Paris-Fashion-Week-Runway-020.jpg,,Mugler-Couture-Spring-Summer-2023-Paris-Fashion-Week-Runway-020.jpg,mugler-couture-spring-summer-2023-paris/Mugler-Couture-Spring-Summer-2023-Paris-Fashion-Week-Runway-020.jpg,212916,1706,2560,JPEG,RGB
https://door11.com/robert-wun-couture-spring-summer-2023-paris/,https://media.door11.com/wp-content/uploads/2023/01/Robert-Wun-Couture-Spring-Summer-2023-Paris-Fashion-Week-Runway-001.jpg,,Robert-Wun-Couture-Spring-Summer-2023-Paris-Fashion-Week-Runway-001.jpg,robert-wun-couture-spring-summer-2023-paris/Robert-Wun-Couture-Spring-Summer-2023-Paris-Fashion-Week-Runway-001.jpg,143832,1706,2560,JPEG,RGB
https://door11.com/robert-wun-couture-spring-summer-2023-paris/,https://media.door11.com/wp-content/uploads/2023/01/Robert-Wun-Couture-Spring-Summer-2023-Paris-Fashion-Week-Runway-005.jpg,,Robert-Wun-Couture-Spring-Summer-2023-Paris-Fashion-Week-Runway-005.jpg,robert-wun-couture-spring-summer-2023-paris/Robert-Wun-Couture-Spring-Summer-2023-Paris-Fashion-Week-Runway-005.jpg,176799,1706,2560,JPEG,RGB
https://door11.com/robert-wun-couture-spring-summer-2023-paris/,https://media.door11.com/wp-content/uploads/2023/01/Robert-Wun-Couture-Spring-Summer-2023-Paris-Fashion-Week-Runway-009.jpg,,Robert-Wun-Couture-Spring-Summer-2023-Paris-Fashion-Week-Runway-009.jpg,robert-wun-couture-spring-summer-2023-paris/Robert-Wun-Couture-Spring-Summer-2023-Paris-Fashion-Week-Runway-009.jpg,99601,1706,2560,JPEG,RGB
https://door11.com/robert-wun-couture-spring-summer-2023-paris/,https://media.door11.com/wp-content/uploads/2023/01/Robert-Wun-Couture-Spring-Summer-2023-Paris-Fashion-Week-Runway-013.jpg,,Robert-Wun-Couture-Spring-Summer-2023-Paris-Fashion-Week-Runway-013.jpg,robert-wun-couture-spring-summer-2023-paris/Robert-Wun-Couture-Spring-Summer-2023-Paris-Fashion-Week-Runway-013.jpg,225523,1706,2560,JPEG,RGB
https://door11.com/robert-wun-couture-spring-summer-2023-paris/,https://media.door11.com/wp-content/uploads/2023/01/Robert-Wun-Couture-Spring-Summer-2023-Paris-Fashion-Week-Runway-017.jpg,,Robert-Wun-Couture-Spring-Summer-2023-Paris-Fashion-Week-Runway-017.jpg,robert-wun-couture-spring-summer-2023-paris/Robert-Wun-Couture-Spring-Summer-2023-Paris-Fashion-Week-Runway-017.jpg,322917,1706,2560,JPEG,RGB
https://door11.com/robert-wun-couture-spring-summer-2023-paris/,https://media.door11.com/wp-content/uploads/2023/01/Robert-Wun-Couture-Spring-Summer-2023-Paris-Fashion-Week-Runway-002.jpg,,Robert-Wun-Couture-Spring-Summer-2023-Paris-Fashion-Week-Runway-002.jpg,robert-wun-couture-spring-summer-2023-paris/Robert-Wun-Couture-Spring-Summer-2023-Paris-Fashion-Week-Runway-002.jpg,131782,1706,2560,JPEG,RGB
https://door11.com/robert-wun-couture-spring-summer-2023-paris/,https://media.door11.com/wp-content/uploads/2023/01/Robert-Wun-Couture-Spring-Summer-2023-Paris-Fashion-Week-Runway-006.jpg,,Robert-Wun-Couture-Spring-Summer-2023-Paris-Fashion-Week-Runway-006.jpg,robert-wun-couture-spring-summer-2023-paris/Robert-Wun-Couture-Spring-Summer-2023-Paris-Fashion-Week-Runway-006.jpg,135257,1706,2560,JPEG,RGB
https://door11.com/robert-wun-couture-spring-summer-2023-paris/,https://media.door11.com/wp-content/uploads/2023/01/Robert-Wun-Couture-Spring-Summer-2023-Paris-Fashion-Week-Runway-010.jpg,,Robert-Wun-Couture-Spring-Summer-2023-Paris-Fashion-Week-Runway-010.jpg,robert-wun-couture-spring-summer-2023-paris/Robert-Wun-Couture-Spring-Summer-2023-Paris-Fashion-Week-Runway-010.jpg,227702,1706,2560,JPEG,RGB
https://door11.com/robert-wun-couture-spring-summer-2023-paris/,https://media.door11.com/wp-content/uploads/2023/01/Robert-Wun-Couture-Spring-Summer-2023-Paris-Fashion-Week-Runway-014.jpg,,Robert-Wun-Couture-Spring-Summer-2023-Paris-Fashion-Week-Runway-014.jpg,robert-wun-couture-spring-summer-2023-paris/Robert-Wun-Couture-Spring-Summer-2023-Paris-Fashion-Week-Runway-014.jpg,190541,1706,2560,JPEG,RGB
https://door11.com/robert-wun-couture-spring-summer-2023-paris/,https://media.door11.com/wp-content/uploads/2023/01/Robert-Wun-Couture-Spring-Summer-2023-Paris-Fashion-Week-Runway-018.jpg,,Robert-Wun-Couture-Spring-Summer-2023-Paris-Fashion-Week-Runway-018.jpg,robert-wun-couture-spring-summer-2023-paris/Robert-Wun-Couture-Spring-Summer-2023-Paris-Fashion-Week-Runway-018.jpg,220205,1706,2560,JPEG,RGB
https://door11.com/robert-wun-couture-spring-summer-2023-paris/,https://media.door11.com/wp-content/uploads/2023/01/Robert-Wun-Couture-Spring-Summer-2023-Paris-Fashion-Week-Runway-003.jpg,,Robert-Wun-Couture-Spring-Summer-2023-Paris-Fashion-Week-Runway-003.jpg,robert-wun-couture-spring-summer-2023-paris/Robert-Wun-Couture-Spring-Summer-2023-Paris-Fashion-Week-Runway-003.jpg,300923,1706,2560,JPEG,RGB
https://door11.com/robert-wun-couture-spring-summer-2023-paris/,https://media.door11.com/wp-content/uploads/2023/01/Robert-Wun-Couture-Spring-Summer-2023-Paris-Fashion-Week-Runway-007.jpg,,Robert-Wun-Couture-Spring-Summer-2023-Paris-Fashion-Week-Runway-007.jpg,robert-wun-couture-spring-summer-2023-paris/Robert-Wun-Couture-Spring-Summer-2023-Paris-Fashion-Week-Runway-007.jpg,275700,1706,2560,JPEG,RGB
https://door11.com/robert-wun-couture-spring-summer-2023-paris/,https://media.door11.com/wp-content/uploads/2023/01/Robert-Wun-Couture-Spring-Summer-2023-Paris-Fashion-Week-Runway-011.jpg,,Robert-Wun-Couture-Spring-Summer-2023-Paris-Fashion-Week-Runway-011.jpg,robert-wun-couture-spring-summer-2023-paris/Robert-Wun-Couture-Spring-Summer-2023-Paris-Fashion-Week-Runway-011.jpg,221015,1706,2560,JPEG,RGB
https://door11.com/robert-wun-couture-spring-summer-2023-paris/,https://media.door11.com/wp-content/uploads/2023/01/Robert-Wun-Couture-Spring-Summer-2023-Paris-Fashion-Week-Runway-015.jpg,,Robert-Wun-Couture-Spring-Summer-2023-Paris-Fashion-Week-Runway-015.jpg,robert-wun-couture-spring-summer-2023-paris/Robert-Wun-Couture-Spring-Summer-2023-Paris-Fashion-Week-Runway-015.jpg,375590,1706,2560,JPEG,RGB
https://door11.com/robert-wun-couture-spring-summer-2023-paris/,https://media.door11.com/wp-content/uploads/2023/01/Robert-Wun-Couture-Spring-Summer-2023-Paris-Fashion-Week-Runway-019.jpg,,Robert-Wun-Couture-Spring-Summer-2023-Paris-Fashion-Week-Runway-019.jpg,robert-wun-couture-spring-summer-2023-paris/Robert-Wun-Couture-Spring-Summer-2023-Paris-Fashion-Week-Runway-019.jpg,244838,1706,2560,JPEG,RGB
https://door11.com/robert-wun-couture-spring-summer-2023-paris/,https://media.door11.com/wp-content/uploads/2023/01/Robert-Wun-Couture-Spring-Summer-2023-Paris-Fashion-Week-Runway-004.jpg,,Robert-Wun-Couture-Spring-Summer-2023-Paris-Fashion-Week-Runway-004.jpg,robert-wun-couture-spring-summer-2023-paris/Robert-Wun-Couture-Spring-Summer-2023-Paris-Fashion-Week-Runway-004.jpg,152801,1706,2560,JPEG,RGB
https://door11.com/robert-wun-couture-spring-summer-2023-paris/,https://media.door11.com/wp-content/uploads/2023/01/Robert-Wun-Couture-Spring-Summer-2023-Paris-Fashion-Week-Runway-008.jpg,,Robert-Wun-Couture-Spring-Summer-2023-Paris-Fashion-Week-Runway-008.jpg,robert-wun-couture-spring-summer-2023-paris/Robert-Wun-Couture-Spring-Summer-2023-Paris-Fashion-Week-Runway-008.jpg,305511,1706,2560,JPEG,RGB
https://door11.com/robert-wun-couture-spring-summer-2023-paris/,https://media.door11.com/wp-content/uploads/2023/01/Robert-Wun-Couture-Spring-Summer-2023-Paris-Fashion-Week-Runway-012.jpg,,Robert-Wun-Couture-Spring-Summer-2023-Paris-Fashion-Week-Runway-012.jpg,robert-wun-couture-spring-summer-2023-paris/Robert-Wun-Couture-Spring-Summer-2023-Paris-Fashion-Week-Runway-012.jpg,155272,1706,2560,JPEG,RGB
https://door11.com/robert-wun-couture-spring-summer-2023-paris/,https://media.door11.com/wp-content/uploads/2023/01/Robert-Wun-Couture-Spring-Summer-2023-Paris-Fashion-Week-Runway-016.jpg,,Robert-Wun-Couture-Spring-Summer-2023-Paris-Fashion-Week-Runway-016.jpg,robert-wun-couture-spring-summer-2023-paris/Robert-Wun-Couture-Spring-Summer-2023-Paris-Fashion-Week-Runway-016.jpg,190219,1706,2560,JPEG,RGB
https://door11.com/robert-wun-couture-spring-summer-2023-paris/,https://media.door11.com/wp-content/uploads/2023/01/Robert-Wun-Couture-Spring-Summer-2023-Paris-Fashion-Week-Runway-020.jpg,,Robert-Wun-Couture-Spring-Summer-2023-Paris-Fashion-Week-Runway-020.jpg,robert-wun-couture-spring-summer-2023-paris/Robert-Wun-Couture-Spring-Summer-2023-Paris-Fashion-Week-Runway-020.jpg,493691,1706,2560,JPEG,RGB
https://door11.com/frolov-couture-spring-summer-2023-paris/,https://media.door11.com/wp-content/uploads/2023/01/Frolov-Couture-Spring-Summer-2023-Paris-Fashion-Week-Runway-001.jpeg,,Frolov-Couture-Spring-Summer-2023-Paris-Fashion-Week-Runway-001.jpeg,frolov-couture-spring-summer-2023-paris/Frolov-Couture-Spring-Summer-2023-Paris-Fashion-Week-Runway-001.jpeg,406202,2124,2560,JPEG,RGB
https://door11.com/frolov-couture-spring-summer-2023-paris/,https://media.door11.com/wp-content/uploads/2023/01/Frolov-Couture-Spring-Summer-2023-Paris-Fashion-Week-Runway-005.jpeg,,Frolov-Couture-Spring-Summer-2023-Paris-Fashion-Week-Runway-005.jpeg,frolov-couture-spring-summer-2023-paris/Frolov-Couture-Spring-Summer-2023-Paris-Fashion-Week-Runway-005.jpeg,330220,2134,2560,JPEG,RGB
https://door11.com/frolov-couture-spring-summer-2023-paris/,https://media.door11.com/wp-content/uploads/2023/01/Frolov-Couture-Spring-Summer-2023-Paris-Fashion-Week-Runway-009.jpeg,,Frolov-Couture-Spring-Summer-2023-Paris-Fashion-Week-Runway-009.jpeg,frolov-couture-spring-summer-2023-paris/Frolov-Couture-Spring-Summer-2023-Paris-Fashion-Week-Runway-009.jpeg,382324,2118,2560,JPEG,RGB
https://door11.com/frolov-couture-spring-summer-2023-paris/,https://media.door11.com/wp-content/uploads/2023/01/Frolov-Couture-Spring-Summer-2023-Paris-Fashion-Week-Runway-013.jpeg,,Frolov-Couture-Spring-Summer-2023-Paris-Fashion-Week-Runway-013.jpeg,frolov-couture-spring-summer-2023-paris/Frolov-Couture-Spring-Summer-2023-Paris-Fashion-Week-Runway-013.jpeg,402110,2102,2560,JPEG,RGB
https://door11.com/frolov-couture-spring-summer-2023-paris/,https://media.door11.com/wp-content/uploads/2023/01/Frolov-Couture-Spring-Summer-2023-Paris-Fashion-Week-Runway-018.jpeg,,Frolov-Couture-Spring-Summer-2023-Paris-Fashion-Week-Runway-018.jpeg,frolov-couture-spring-summer-2023-paris/Frolov-Couture-Spring-Summer-2023-Paris-Fashion-Week-Runway-018.jpeg,339921,2118,2560,JPEG,RGB
https://door11.com/frolov-couture-spring-summer-2023-paris/,https://media.door11.com/wp-content/uploads/2023/01/Frolov-Couture-Spring-Summer-2023-Paris-Fashion-Week-Runway-002.jpeg,,Frolov-Couture-Spring-Summer-2023-Paris-Fashion-Week-Runway-002.jpeg,frolov-couture-spring-summer-2023-paris/Frolov-Couture-Spring-Summer-2023-Paris-Fashion-Week-Runway-002.jpeg,301995,2118,2560,JPEG,RGB
https://door11.com/frolov-couture-spring-summer-2023-paris/,https://media.door11.com/wp-content/uploads/2023/01/Frolov-Couture-Spring-Summer-2023-Paris-Fashion-Week-Runway-007.jpeg,,Frolov-Couture-Spring-Summer-2023-Paris-Fashion-Week-Runway-007.jpeg,frolov-couture-spring-summer-2023-paris/Frolov-Couture-Spring-Summer-2023-Paris-Fashion-Week-Runway-007.jpeg,275511,2118,2560,JPEG,RGB
https://door11.com/frolov-couture-spring-summer-2023-paris/,https://media.door11.com/wp-content/uploads/2023/01/Frolov-Couture-Spring-Summer-2023-Paris-Fashion-Week-Runway-011.jpeg,,Frolov-Couture-Spring-Summer-2023-Paris-Fashion-Week-Runway-011.jpeg,frolov-couture-spring-summer-2023-paris/Frolov-Couture-Spring-Summer-2023-Paris-Fashion-Week-Runway-011.jpeg,368249,2124,2560,JPEG,RGB
https://door11.com/frolov-couture-spring-summer-2023-paris/,https://media.door11.com/wp-content/uploads/2023/01/Frolov-Couture-Spring-Summer-2023-Paris-Fashion-Week-Runway-014.jpeg,,Frolov-Couture-Spring-Summer-2023-Paris-Fashion-Week-Runway-014.jpeg,frolov-couture-spring-summer-2023-paris/Frolov-Couture-Spring-Summer-2023-Paris-Fashion-Week-Runway-014.jpeg,309691,2118,2560,JPEG,RGB
https://door11.com/frolov-couture-spring-summer-2023-paris/,https://media.door11.com/wp-content/uploads/2023/01/Frolov-Couture-Spring-Summer-2023-Paris-Fashion-Week-Runway-017.jpeg,,Frolov-Couture-Spring-Summer-2023-Paris-Fashion-Week-Runway-017.jpeg,frolov-couture-spring-summer-2023-paris/Frolov-Couture-Spring-Summer-2023-Paris-Fashion-Week-Runway-017.jpeg,388508,2118,2560,JPEG,RGB
https://door11.com/frolov-couture-spring-summer-2023-paris/,https://media.door11.com/wp-content/uploads/2023/01/Frolov-Couture-Spring-Summer-2023-Paris-Fashion-Week-Runway-003.jpeg,,Frolov-Couture-Spring-Summer-2023-Paris-Fashion-Week-Runway-003.jpeg,frolov-couture-spring-summer-2023-paris/Frolov-Couture-Spring-Summer-2023-Paris-Fashion-Week-Runway-003.jpeg,279781,2124,2560,JPEG,RGB
https://door11.com/frolov-couture-spring-summer-2023-paris/,https://media.door11.com/wp-content/uploads/2023/01/Frolov-Couture-Spring-Summer-2023-Paris-Fashion-Week-Runway-006.jpeg,,Frolov-Couture-Spring-Summer-2023-Paris-Fashion-Week-Runway-006.jpeg,frolov-couture-spring-summer-2023-paris/Frolov-Couture-Spring-Summer-2023-Paris-Fashion-Week-Runway-006.jpeg,290535,2026,2560,JPEG,RGB
https://door11.com/frolov-couture-spring-summer-2023-paris/,https://media.door11.com/wp-content/uploads/2023/01/Frolov-Couture-Spring-Summer-2023-Paris-Fashion-Week-Runway-012.jpeg,,Frolov-Couture-Spring-Summer-2023-Paris-Fashion-Week-Runway-012.jpeg,frolov-couture-spring-summer-2023-paris/Frolov-Couture-Spring-Summer-2023-Paris-Fashion-Week-Runway-012.jpeg,360694,2114,2560,JPEG,RGB
https://door11.com/frolov-couture-spring-summer-2023-paris/,https://media.door11.com/wp-content/uploads/2023/01/Frolov-Couture-Spring-Summer-2023-Paris-Fashion-Week-Runway-016.jpeg,,Frolov-Couture-Spring-Summer-2023-Paris-Fashion-Week-Runway-016.jpeg,frolov-couture-spring-summer-2023-paris/Frolov-Couture-Spring-Summer-2023-Paris-Fashion-Week-Runway-016.jpeg,336176,2114,2560,JPEG,RGB
https://door11.com/frolov-couture-spring-summer-2023-paris/,https://media.door11.com/wp-content/uploads/2023/01/Frolov-Couture-Spring-Summer-2023-Paris-Fashion-Week-Runway-020.jpeg,,Frolov-Couture-Spring-Summer-2023-Paris-Fashion-Week-Runway-020.jpeg,frolov-couture-spring-summer-2023-paris/Frolov-Couture-Spring-Summer-2023-Paris-Fashion-Week-Runway-020.jpeg,385708,2122,2560,JPEG,RGB
https://door11.com/frolov-couture-spring-summer-2023-paris/,https://media.door11.com/wp-content/uploads/2023/01/Frolov-Couture-Spring-Summer-2023-Paris-Fashion-Week-Runway-004.jpeg,,Frolov-Couture-Spring-Summer-2023-Paris-Fashion-Week-Runway-004.jpeg,frolov-couture-spring-summer-2023-paris/Frolov-Couture-Spring-Summer-2023-Paris-Fashion-Week-Runway-004.jpeg,212730,2118,2560,JPEG,RGB
https://door11.com/frolov-couture-spring-summer-2023-paris/,https://media.door11.com/wp-content/uploads/2023/01/Frolov-Couture-Spring-Summer-2023-Paris-Fashion-Week-Runway-008.jpeg,,Frolov-Couture-Spring-Summer-2023-Paris-Fashion-Week-Runway-008.jpeg,frolov-couture-spring-summer-2023-paris/Frolov-Couture-Spring-Summer-2023-Paris-Fashion-Week-Runway-008.jpeg,364592,2122,2560,JPEG,RGB
https://door11.com/frolov-couture-spring-summer-2023-paris/,https://media.door11.com/wp-content/uploads/2023/01/Frolov-Couture-Spring-Summer-2023-Paris-Fashion-Week-Runway-010.jpeg,,Frolov-Couture-Spring-Summer-2023-Paris-Fashion-Week-Runway-010.jpeg,frolov-couture-spring-summer-2023-paris/Frolov-Couture-Spring-Summer-2023-Paris-Fashion-Week-Runway-010.jpeg,420021,2118,2560,JPEG,RGB
https://door11.com/frolov-couture-spring-summer-2023-paris/,https://media.door11.com/wp-content/uploads/2023/01/Frolov-Couture-Spring-Summer-2023-Paris-Fashion-Week-Runway-015.jpeg,,Frolov-Couture-Spring-Summer-2023-Paris-Fashion-Week-Runway-015.jpeg,frolov-couture-spring-summer-2023-paris/Frolov-Couture-Spring-Summer-2023-Paris-Fashion-Week-Runway-015.jpeg,300515,2118,2560,JPEG,RGB
https://door11.com/frolov-couture-spring-summer-2023-paris/,https://media.door11.com/wp-content/uploads/2023/01/Frolov-Couture-Spring-Summer-2023-Paris-Fashion-Week-Runway-019.jpeg,,Frolov-Couture-Spring-Summer-2023-Paris-Fashion-Week-Runway-019.jpeg,frolov-couture-spring-summer-2023-paris/Frolov-Couture-Spring-Summer-2023-Paris-Fashion-Week-Runway-019.jpeg,213241,2118,2560,JPEG,RGB
https://door11.com/gaurav-gupta-couture-spring-summer-2023-paris/,https://media.door11.com/wp-content/uploads/2023/01/Gaurav-Gupta-Couture-Spring-Summer-2023-Paris-Fashion-Week-Runway-001.jpg,,Gaurav-Gupta-Couture-Spring-Summer-2023-Paris-Fashion-Week-Runway-001.jpg,gaurav-gupta-couture-spring-summer-2023-paris/Gaurav-Gupta-Couture-Spring-Summer-2023-Paris-Fashion-Week-Runway-001.jpg,313100,1706,2560,JPEG,RGB
https://door11.com/gaurav-gupta-couture-spring-summer-2023-paris/,https://media.door11.com/wp-content/uploads/2023/01/Gaurav-Gupta-Couture-Spring-Summer-2023-Paris-Fashion-Week-Runway-005.jpg,,Gaurav-Gupta-Couture-Spring-Summer-2023-Paris-Fashion-Week-Runway-005.jpg,gaurav-gupta-couture-spring-summer-2023-paris/Gaurav-Gupta-Couture-Spring-Summer-2023-Paris-Fashion-Week-Runway-005.jpg,359603,1706,2560,JPEG,RGB
https://door11.com/gaurav-gupta-couture-spring-summer-2023-paris/,https://media.door11.com/wp-content/uploads/2023/01/Gaurav-Gupta-Couture-Spring-Summer-2023-Paris-Fashion-Week-Runway-009.jpg,,Gaurav-Gupta-Couture-Spring-Summer-2023-Paris-Fashion-Week-Runway-009.jpg,gaurav-gupta-couture-spring-summer-2023-paris/Gaurav-Gupta-Couture-Spring-Summer-2023-Paris-Fashion-Week-Runway-009.jpg,309315,1706,2560,JPEG,RGB
https://door11.com/gaurav-gupta-couture-spring-summer-2023-paris/,https://media.door11.com/wp-content/uploads/2023/01/Gaurav-Gupta-Couture-Spring-Summer-2023-Paris-Fashion-Week-Runway-013.jpg,,Gaurav-Gupta-Couture-Spring-Summer-2023-Paris-Fashion-Week-Runway-013.jpg,gaurav-gupta-couture-spring-summer-2023-paris/Gaurav-Gupta-Couture-Spring-Summer-2023-Paris-Fashion-Week-Runway-013.jpg,319924,1706,2560,JPEG,RGB
https://door11.com/gaurav-gupta-couture-spring-summer-2023-paris/,https://media.door11.com/wp-content/uploads/2023/01/Gaurav-Gupta-Couture-Spring-Summer-2023-Paris-Fashion-Week-Runway-017.jpg,,Gaurav-Gupta-Couture-Spring-Summer-2023-Paris-Fashion-Week-Runway-017.jpg,gaurav-gupta-couture-spring-summer-2023-paris/Gaurav-Gupta-Couture-Spring-Summer-2023-Paris-Fashion-Week-Runway-017.jpg,247067,1706,2560,JPEG,RGB
https://door11.com/gaurav-gupta-couture-spring-summer-2023-paris/,https://media.door11.com/wp-content/uploads/2023/01/Gaurav-Gupta-Couture-Spring-Summer-2023-Paris-Fashion-Week-Runway-002.jpg,,Gaurav-Gupta-Couture-Spring-Summer-2023-Paris-Fashion-Week-Runway-002.jpg,gaurav-gupta-couture-spring-summer-2023-paris/Gaurav-Gupta-Couture-Spring-Summer-2023-Paris-Fashion-Week-Runway-002.jpg,384442,1706,2560,JPEG,RGB
https://door11.com/gaurav-gupta-couture-spring-summer-2023-paris/,https://media.door11.com/wp-content/uploads/2023/01/Gaurav-Gupta-Couture-Spring-Summer-2023-Paris-Fashion-Week-Runway-006.jpg,,Gaurav-Gupta-Couture-Spring-Summer-2023-Paris-Fashion-Week-Runway-006.jpg,gaurav-gupta-couture-spring-summer-2023-paris/Gaurav-Gupta-Couture-Spring-Summer-2023-Paris-Fashion-Week-Runway-006.jpg,300524,1706,2560,JPEG,RGB
https://door11.com/gaurav-gupta-couture-spring-summer-2023-paris/,https://media.door11.com/wp-content/uploads/2023/01/Gaurav-Gupta-Couture-Spring-Summer-2023-Paris-Fashion-Week-Runway-010.jpg,,Gaurav-Gupta-Couture-Spring-Summer-2023-Paris-Fashion-Week-Runway-010.jpg,gaurav-gupta-couture-spring-summer-2023-paris/Gaurav-Gupta-Couture-Spring-Summer-2023-Paris-Fashion-Week-Runway-010.jpg,337518,1706,2560,JPEG,RGB
https://door11.com/gaurav-gupta-couture-spring-summer-2023-paris/,https://media.door11.com/wp-content/uploads/2023/01/Gaurav-Gupta-Couture-Spring-Summer-2023-Paris-Fashion-Week-Runway-014.jpg,,Gaurav-Gupta-Couture-Spring-Summer-2023-Paris-Fashion-Week-Runway-014.jpg,gaurav-gupta-couture-spring-summer-2023-paris/Gaurav-Gupta-Couture-Spring-Summer-2023-Paris-Fashion-Week-Runway-014.jpg,335494,1706,2560,JPEG,RGB
https://door11.com/gaurav-gupta-couture-spring-summer-2023-paris/,https://media.door11.com/wp-content/uploads/2023/01/Gaurav-Gupta-Couture-Spring-Summer-2023-Paris-Fashion-Week-Runway-018.jpg,,Gaurav-Gupta-Couture-Spring-Summer-2023-Paris-Fashion-Week-Runway-018.jpg,gaurav-gupta-couture-spring-summer-2023-paris/Gaurav-Gupta-Couture-Spring-Summer-2023-Paris-Fashion-Week-Runway-018.jpg,248684,1706,2560,JPEG,RGB
https://door11.com/gaurav-gupta-couture-spring-summer-2023-paris/,https://media.door11.com/wp-content/uploads/2023/01/Gaurav-Gupta-Couture-Spring-Summer-2023-Paris-Fashion-Week-Runway-003.jpg,,Gaurav-Gupta-Couture-Spring-Summer-2023-Paris-Fashion-Week-Runway-003.jpg,gaurav-gupta-couture-spring-summer-2023-paris/Gaurav-Gupta-Couture-Spring-Summer-2023-Paris-Fashion-Week-Runway-003.jpg,418813,1706,2560,JPEG,RGB
https://door11.com/gaurav-gupta-couture-spring-summer-2023-paris/,https://media.door11.com/wp-content/uploads/2023/01/Gaurav-Gupta-Couture-Spring-Summer-2023-Paris-Fashion-Week-Runway-007.jpg,,Gaurav-Gupta-Couture-Spring-Summer-2023-Paris-Fashion-Week-Runway-007.jpg,gaurav-gupta-couture-spring-summer-2023-paris/Gaurav-Gupta-Couture-Spring-Summer-2023-Paris-Fashion-Week-Runway-007.jpg,354394,1706,2560,JPEG,RGB
https://door11.com/gaurav-gupta-couture-spring-summer-2023-paris/,https://media.door11.com/wp-content/uploads/2023/01/Gaurav-Gupta-Couture-Spring-Summer-2023-Paris-Fashion-Week-Runway-011.jpg,,Gaurav-Gupta-Couture-Spring-Summer-2023-Paris-Fashion-Week-Runway-011.jpg,gaurav-gupta-couture-spring-summer-2023-paris/Gaurav-Gupta-Couture-Spring-Summer-2023-Paris-Fashion-Week-Runway-011.jpg,230854,1706,2560,JPEG,RGB
https://door11.com/gaurav-gupta-couture-spring-summer-2023-paris/,https://media.door11.com/wp-content/uploads/2023/01/Gaurav-Gupta-Couture-Spring-Summer-2023-Paris-Fashion-Week-Runway-015.jpg,,Gaurav-Gupta-Couture-Spring-Summer-2023-Paris-Fashion-Week-Runway-015.jpg,gaurav-gupta-couture-spring-summer-2023-paris/Gaurav-Gupta-Couture-Spring-Summer-2023-Paris-Fashion-Week-Runway-015.jpg,304508,1706,2560,JPEG,RGB
https://door11.com/gaurav-gupta-couture-spring-summer-2023-paris/,https://media.door11.com/wp-content/uploads/2023/01/Gaurav-Gupta-Couture-Spring-Summer-2023-Paris-Fashion-Week-Runway-019.jpg,,Gaurav-Gupta-Couture-Spring-Summer-2023-Paris-Fashion-Week-Runway-019.jpg,gaurav-gupta-couture-spring-summer-2023-paris/Gaurav-Gupta-Couture-Spring-Summer-2023-Paris-Fashion-Week-Runway-019.jpg,336908,1706,2560,JPEG,RGB
https://door11.com/gaurav-gupta-couture-spring-summer-2023-paris/,https://media.door11.com/wp-content/uploads/2023/01/Gaurav-Gupta-Couture-Spring-Summer-2023-Paris-Fashion-Week-Runway-004.jpg,,Gaurav-Gupta-Couture-Spring-Summer-2023-Paris-Fashion-Week-Runway-004.jpg,gaurav-gupta-couture-spring-summer-2023-paris/Gaurav-Gupta-Couture-Spring-Summer-2023-Paris-Fashion-Week-Runway-004.jpg,567339,1706,2560,JPEG,RGB
https://door11.com/gaurav-gupta-couture-spring-summer-2023-paris/,https://media.door11.com/wp-content/uploads/2023/01/Gaurav-Gupta-Couture-Spring-Summer-2023-Paris-Fashion-Week-Runway-008.jpg,,Gaurav-Gupta-Couture-Spring-Summer-2023-Paris-Fashion-Week-Runway-008.jpg,gaurav-gupta-couture-spring-summer-2023-paris/Gaurav-Gupta-Couture-Spring-Summer-2023-Paris-Fashion-Week-Runway-008.jpg,252849,1706,2560,JPEG,RGB
https://door11.com/gaurav-gupta-couture-spring-summer-2023-paris/,https://media.door11.com/wp-content/uploads/2023/01/Gaurav-Gupta-Couture-Spring-Summer-2023-Paris-Fashion-Week-Runway-012.jpg,,Gaurav-Gupta-Couture-Spring-Summer-2023-Paris-Fashion-Week-Runway-012.jpg,gaurav-gupta-couture-spring-summer-2023-paris/Gaurav-Gupta-Couture-Spring-Summer-2023-Paris-Fashion-Week-Runway-012.jpg,265904,1706,2560,JPEG,RGB
https://door11.com/gaurav-gupta-couture-spring-summer-2023-paris/,https://media.door11.com/wp-content/uploads/2023/01/Gaurav-Gupta-Couture-Spring-Summer-2023-Paris-Fashion-Week-Runway-016.jpg,,Gaurav-Gupta-Couture-Spring-Summer-2023-Paris-Fashion-Week-Runway-016.jpg,gaurav-gupta-couture-spring-summer-2023-paris/Gaurav-Gupta-Couture-Spring-Summer-2023-Paris-Fashion-Week-Runway-016.jpg,345566,1706,2560,JPEG,RGB
https://door11.com/gaurav-gupta-couture-spring-summer-2023-paris/,https://media.door11.com/wp-content/uploads/2023/01/Gaurav-Gupta-Couture-Spring-Summer-2023-Paris-Fashion-Week-Runway-020.jpg,,Gaurav-Gupta-Couture-Spring-Summer-2023-Paris-Fashion-Week-Runway-020.jpg,gaurav-gupta-couture-spring-summer-2023-paris/Gaurav-Gupta-Couture-Spring-Summer-2023-Paris-Fashion-Week-Runway-020.jpg,300585,1706,2560,JPEG,RGB
https://door11.com/fendi-couture-couture-spring-summer-2023-paris/,https://media.door11.com/wp-content/uploads/2023/01/Fendi-Couture-Spring-Summer-2023-Paris-Fashion-Week-Runway-001.jpg,,Fendi-Couture-Spring-Summer-2023-Paris-Fashion-Week-Runway-001.jpg,fendi-couture-couture-spring-summer-2023-paris/Fendi-Couture-Spring-Summer-2023-Paris-Fashion-Week-Runway-001.jpg,518957,1706,2560,JPEG,RGB
https://door11.com/fendi-couture-couture-spring-summer-2023-paris/,https://media.door11.com/wp-content/uploads/2023/01/Fendi-Couture-Spring-Summer-2023-Paris-Fashion-Week-Runway-005.jpg,,Fendi-Couture-Spring-Summer-2023-Paris-Fashion-Week-Runway-005.jpg,fendi-couture-couture-spring-summer-2023-paris/Fendi-Couture-Spring-Summer-2023-Paris-Fashion-Week-Runway-005.jpg,469901,1706,2560,JPEG,RGB
https://door11.com/fendi-couture-couture-spring-summer-2023-paris/,https://media.door11.com/wp-content/uploads/2023/01/Fendi-Couture-Spring-Summer-2023-Paris-Fashion-Week-Runway-009.jpg,,Fendi-Couture-Spring-Summer-2023-Paris-Fashion-Week-Runway-009.jpg,fendi-couture-couture-spring-summer-2023-paris/Fendi-Couture-Spring-Summer-2023-Paris-Fashion-Week-Runway-009.jpg,497565,1706,2560,JPEG,RGB
https://door11.com/fendi-couture-couture-spring-summer-2023-paris/,https://media.door11.com/wp-content/uploads/2023/01/Fendi-Couture-Spring-Summer-2023-Paris-Fashion-Week-Runway-013.jpg,,Fendi-Couture-Spring-Summer-2023-Paris-Fashion-Week-Runway-013.jpg,fendi-couture-couture-spring-summer-2023-paris/Fendi-Couture-Spring-Summer-2023-Paris-Fashion-Week-Runway-013.jpg,327245,1706,2560,JPEG,RGB
https://door11.com/fendi-couture-couture-spring-summer-2023-paris/,https://media.door11.com/wp-content/uploads/2023/01/Fendi-Couture-Spring-Summer-2023-Paris-Fashion-Week-Runway-017.jpg,,Fendi-Couture-Spring-Summer-2023-Paris-Fashion-Week-Runway-017.jpg,fendi-couture-couture-spring-summer-2023-paris/Fendi-Couture-Spring-Summer-2023-Paris-Fashion-Week-Runway-017.jpg,344285,1706,2560,JPEG,RGB
https://door11.com/fendi-couture-couture-spring-summer-2023-paris/,https://media.door11.com/wp-content/uploads/2023/01/Fendi-Couture-Spring-Summer-2023-Paris-Fashion-Week-Runway-002.jpg,,Fendi-Couture-Spring-Summer-2023-Paris-Fashion-Week-Runway-002.jpg,fendi-couture-couture-spring-summer-2023-paris/Fendi-Couture-Spring-Summer-2023-Paris-Fashion-Week-Runway-002.jpg,529859,1706,2560,JPEG,RGB
https://door11.com/fendi-couture-couture-spring-summer-2023-paris/,https://media.door11.com/wp-content/uploads/2023/01/Fendi-Couture-Spring-Summer-2023-Paris-Fashion-Week-Runway-006.jpg,,Fendi-Couture-Spring-Summer-2023-Paris-Fashion-Week-Runway-006.jpg,fendi-couture-couture-spring-summer-2023-paris/Fendi-Couture-Spring-Summer-2023-Paris-Fashion-Week-Runway-006.jpg,347404,1706,2560,JPEG,RGB
https://door11.com/fendi-couture-couture-spring-summer-2023-paris/,https://media.door11.com/wp-content/uploads/2023/01/Fendi-Couture-Spring-Summer-2023-Paris-Fashion-Week-Runway-010.jpg,,Fendi-Couture-Spring-Summer-2023-Paris-Fashion-Week-Runway-010.jpg,fendi-couture-couture-spring-summer-2023-paris/Fendi-Couture-Spring-Summer-2023-Paris-Fashion-Week-Runway-010.jpg,352869,1706,2560,JPEG,RGB
https://door11.com/fendi-couture-couture-spring-summer-2023-paris/,https://media.door11.com/wp-content/uploads/2023/01/Fendi-Couture-Spring-Summer-2023-Paris-Fashion-Week-Runway-014.jpg,,Fendi-Couture-Spring-Summer-2023-Paris-Fashion-Week-Runway-014.jpg,fendi-couture-couture-spring-summer-2023-paris/Fendi-Couture-Spring-Summer-2023-Paris-Fashion-Week-Runway-014.jpg,265958,1706,2560,JPEG,RGB
https://door11.com/fendi-couture-couture-spring-summer-2023-paris/,https://media.door11.com/wp-content/uploads/2023/01/Fendi-Couture-Spring-Summer-2023-Paris-Fashion-Week-Runway-018.jpg,,Fendi-Couture-Spring-Summer-2023-Paris-Fashion-Week-Runway-018.jpg,fendi-couture-couture-spring-summer-2023-paris/Fendi-Couture-Spring-Summer-2023-Paris-Fashion-Week-Runway-018.jpg,376851,1706,2560,JPEG,RGB
https://door11.com/fendi-couture-couture-spring-summer-2023-paris/,https://media.door11.com/wp-content/uploads/2023/01/Fendi-Couture-Spring-Summer-2023-Paris-Fashion-Week-Runway-003.jpg,,Fendi-Couture-Spring-Summer-2023-Paris-Fashion-Week-Runway-003.jpg,fendi-couture-couture-spring-summer-2023-paris/Fendi-Couture-Spring-Summer-2023-Paris-Fashion-Week-Runway-003.jpg,444889,1706,2560,JPEG,RGB
https://door11.com/fendi-couture-couture-spring-summer-2023-paris/,https://media.door11.com/wp-content/uploads/2023/01/Fendi-Couture-Spring-Summer-2023-Paris-Fashion-Week-Runway-007.jpg,,Fendi-Couture-Spring-Summer-2023-Paris-Fashion-Week-Runway-007.jpg,fendi-couture-couture-spring-summer-2023-paris/Fendi-Couture-Spring-Summer-2023-Paris-Fashion-Week-Runway-007.jpg,540608,1706,2560,JPEG,RGB
https://door11.com/fendi-couture-couture-spring-summer-2023-paris/,https://media.door11.com/wp-content/uploads/2023/01/Fendi-Couture-Spring-Summer-2023-Paris-Fashion-Week-Runway-011.jpg,,Fendi-Couture-Spring-Summer-2023-Paris-Fashion-Week-Runway-011.jpg,fendi-couture-couture-spring-summer-2023-paris/Fendi-Couture-Spring-Summer-2023-Paris-Fashion-Week-Runway-011.jpg,304851,1706,2560,JPEG,RGB
https://door11.com/fendi-couture-couture-spring-summer-2023-paris/,https://media.door11.com/wp-content/uploads/2023/01/Fendi-Couture-Spring-Summer-2023-Paris-Fashion-Week-Runway-015.jpg,,Fendi-Couture-Spring-Summer-2023-Paris-Fashion-Week-Runway-015.jpg,fendi-couture-couture-spring-summer-2023-paris/Fendi-Couture-Spring-Summer-2023-Paris-Fashion-Week-Runway-015.jpg,352236,1706,2560,JPEG,RGB
https://door11.com/fendi-couture-couture-spring-summer-2023-paris/,https://media.door11.com/wp-content/uploads/2023/01/Fendi-Couture-Spring-Summer-2023-Paris-Fashion-Week-Runway-019.jpg,,Fendi-Couture-Spring-Summer-2023-Paris-Fashion-Week-Runway-019.jpg,fendi-couture-couture-spring-summer-2023-paris/Fendi-Couture-Spring-Summer-2023-Paris-Fashion-Week-Runway-019.jpg,477863,1706,2560,JPEG,RGB
https://door11.com/fendi-couture-couture-spring-summer-2023-paris/,https://media.door11.com/wp-content/uploads/2023/01/Fendi-Couture-Spring-Summer-2023-Paris-Fashion-Week-Runway-004.jpg,,Fendi-Couture-Spring-Summer-2023-Paris-Fashion-Week-Runway-004.jpg,fendi-couture-couture-spring-summer-2023-paris/Fendi-Couture-Spring-Summer-2023-Paris-Fashion-Week-Runway-004.jpg,493852,1706,2560,JPEG,RGB
https://door11.com/fendi-couture-couture-spring-summer-2023-paris/,https://media.door11.com/wp-content/uploads/2023/01/Fendi-Couture-Spring-Summer-2023-Paris-Fashion-Week-Runway-008.jpg,,Fendi-Couture-Spring-Summer-2023-Paris-Fashion-Week-Runway-008.jpg,fendi-couture-couture-spring-summer-2023-paris/Fendi-Couture-Spring-Summer-2023-Paris-Fashion-Week-Runway-008.jpg,376190,1706,2560,JPEG,RGB
https://door11.com/fendi-couture-couture-spring-summer-2023-paris/,https://media.door11.com/wp-content/uploads/2023/01/Fendi-Couture-Spring-Summer-2023-Paris-Fashion-Week-Runway-012.jpg,,Fendi-Couture-Spring-Summer-2023-Paris-Fashion-Week-Runway-012.jpg,fendi-couture-couture-spring-summer-2023-paris/Fendi-Couture-Spring-Summer-2023-Paris-Fashion-Week-Runway-012.jpg,312632,1706,2560,JPEG,RGB
https://door11.com/fendi-couture-couture-spring-summer-2023-paris/,https://media.door11.com/wp-content/uploads/2023/01/Fendi-Couture-Spring-Summer-2023-Paris-Fashion-Week-Runway-016.jpg,,Fendi-Couture-Spring-Summer-2023-Paris-Fashion-Week-Runway-016.jpg,fendi-couture-couture-spring-summer-2023-paris/Fendi-Couture-Spring-Summer-2023-Paris-Fashion-Week-Runway-016.jpg,361141,1706,2560,JPEG,RGB
https://door11.com/fendi-couture-couture-spring-summer-2023-paris/,https://media.door11.com/wp-content/uploads/2023/01/Fendi-Couture-Spring-Summer-2023-Paris-Fashion-Week-Runway-020.jpg,,Fendi-Couture-Spring-Summer-2023-Paris-Fashion-Week-Runway-020.jpg,fendi-couture-couture-spring-summer-2023-paris/Fendi-Couture-Spring-Summer-2023-Paris-Fashion-Week-Runway-020.jpg,368758,1706,2560,JPEG,RGB
https://door11.com/juana-martin-couture-spring-summer-2023-paris/,https://media.door11.com/wp-content/uploads/2023/01/Juana-Martin-Couture-Spring-Summer-2023-Paris-Fashion-Week-Runway-001.jpg,,Juana-Martin-Couture-Spring-Summer-2023-Paris-Fashion-Week-Runway-001.jpg,juana-martin-couture-spring-summer-2023-paris/Juana-Martin-Couture-Spring-Summer-2023-Paris-Fashion-Week-Runway-001.jpg,460311,1706,2560,JPEG,RGB
https://door11.com/juana-martin-couture-spring-summer-2023-paris/,https://media.door11.com/wp-content/uploads/2023/01/Juana-Martin-Couture-Spring-Summer-2023-Paris-Fashion-Week-Runway-005.jpg,,Juana-Martin-Couture-Spring-Summer-2023-Paris-Fashion-Week-Runway-005.jpg,juana-martin-couture-spring-summer-2023-paris/Juana-Martin-Couture-Spring-Summer-2023-Paris-Fashion-Week-Runway-005.jpg,350896,1706,2560,JPEG,RGB
https://door11.com/juana-martin-couture-spring-summer-2023-paris/,https://media.door11.com/wp-content/uploads/2023/01/Juana-Martin-Couture-Spring-Summer-2023-Paris-Fashion-Week-Runway-009.jpg,,Juana-Martin-Couture-Spring-Summer-2023-Paris-Fashion-Week-Runway-009.jpg,juana-martin-couture-spring-summer-2023-paris/Juana-Martin-Couture-Spring-Summer-2023-Paris-Fashion-Week-Runway-009.jpg,470617,1706,2560,JPEG,RGB
https://door11.com/juana-martin-couture-spring-summer-2023-paris/,https://media.door11.com/wp-content/uploads/2023/01/Juana-Martin-Couture-Spring-Summer-2023-Paris-Fashion-Week-Runway-013.jpg,,Juana-Martin-Couture-Spring-Summer-2023-Paris-Fashion-Week-Runway-013.jpg,juana-martin-couture-spring-summer-2023-paris/Juana-Martin-Couture-Spring-Summer-2023-Paris-Fashion-Week-Runway-013.jpg,518501,1706,2560,JPEG,RGB
https://door11.com/juana-martin-couture-spring-summer-2023-paris/,https://media.door11.com/wp-content/uploads/2023/01/Juana-Martin-Couture-Spring-Summer-2023-Paris-Fashion-Week-Runway-017.jpg,,Juana-Martin-Couture-Spring-Summer-2023-Paris-Fashion-Week-Runway-017.jpg,juana-martin-couture-spring-summer-2023-paris/Juana-Martin-Couture-Spring-Summer-2023-Paris-Fashion-Week-Runway-017.jpg,407312,1706,2560,JPEG,RGB
https://door11.com/juana-martin-couture-spring-summer-2023-paris/,https://media.door11.com/wp-content/uploads/2023/01/Juana-Martin-Couture-Spring-Summer-2023-Paris-Fashion-Week-Runway-002.jpg,,Juana-Martin-Couture-Spring-Summer-2023-Paris-Fashion-Week-Runway-002.jpg,juana-martin-couture-spring-summer-2023-paris/Juana-Martin-Couture-Spring-Summer-2023-Paris-Fashion-Week-Runway-002.jpg,314085,1706,2560,JPEG,RGB
https://door11.com/juana-martin-couture-spring-summer-2023-paris/,https://media.door11.com/wp-content/uploads/2023/01/Juana-Martin-Couture-Spring-Summer-2023-Paris-Fashion-Week-Runway-006.jpg,,Juana-Martin-Couture-Spring-Summer-2023-Paris-Fashion-Week-Runway-006.jpg,juana-martin-couture-spring-summer-2023-paris/Juana-Martin-Couture-Spring-Summer-2023-Paris-Fashion-Week-Runway-006.jpg,400802,1706,2560,JPEG,RGB
https://door11.com/juana-martin-couture-spring-summer-2023-paris/,https://media.door11.com/wp-content/uploads/2023/01/Juana-Martin-Couture-Spring-Summer-2023-Paris-Fashion-Week-Runway-010.jpg,,Juana-Martin-Couture-Spring-Summer-2023-Paris-Fashion-Week-Runway-010.jpg,juana-martin-couture-spring-summer-2023-paris/Juana-Martin-Couture-Spring-Summer-2023-Paris-Fashion-Week-Runway-010.jpg,462290,1706,2560,JPEG,RGB
https://door11.com/juana-martin-couture-spring-summer-2023-paris/,https://media.door11.com/wp-content/uploads/2023/01/Juana-Martin-Couture-Spring-Summer-2023-Paris-Fashion-Week-Runway-014.jpg,,Juana-Martin-Couture-Spring-Summer-2023-Paris-Fashion-Week-Runway-014.jpg,juana-martin-couture-spring-summer-2023-paris/Juana-Martin-Couture-Spring-Summer-2023-Paris-Fashion-Week-Runway-014.jpg,392067,1706,2560,JPEG,RGB
https://door11.com/juana-martin-couture-spring-summer-2023-paris/,https://media.door11.com/wp-content/uploads/2023/01/Juana-Martin-Couture-Spring-Summer-2023-Paris-Fashion-Week-Runway-018.jpg,,Juana-Martin-Couture-Spring-Summer-2023-Paris-Fashion-Week-Runway-018.jpg,juana-martin-couture-spring-summer-2023-paris/Juana-Martin-Couture-Spring-Summer-2023-Paris-Fashion-Week-Runway-018.jpg,393571,1706,2560,JPEG,RGB
https://door11.com/juana-martin-couture-spring-summer-2023-paris/,https://media.door11.com/wp-content/uploads/2023/01/Juana-Martin-Couture-Spring-Summer-2023-Paris-Fashion-Week-Runway-003.jpg,,Juana-Martin-Couture-Spring-Summer-2023-Paris-Fashion-Week-Runway-003.jpg,juana-martin-couture-spring-summer-2023-paris/Juana-Martin-Couture-Spring-Summer-2023-Paris-Fashion-Week-Runway-003.jpg,398035,1706,2560,JPEG,RGB
https://door11.com/juana-martin-couture-spring-summer-2023-paris/,https://media.door11.com/wp-content/uploads/2023/01/Juana-Martin-Couture-Spring-Summer-2023-Paris-Fashion-Week-Runway-007.jpg,,Juana-Martin-Couture-Spring-Summer-2023-Paris-Fashion-Week-Runway-007.jpg,juana-martin-couture-spring-summer-2023-paris/Juana-Martin-Couture-Spring-Summer-2023-Paris-Fashion-Week-Runway-007.jpg,369593,1706,2560,JPEG,RGB
https://door11.com/juana-martin-couture-spring-summer-2023-paris/,https://media.door11.com/wp-content/uploads/2023/01/Juana-Martin-Couture-Spring-Summer-2023-Paris-Fashion-Week-Runway-011.jpg,,Juana-Martin-Couture-Spring-Summer-2023-Paris-Fashion-Week-Runway-011.jpg,juana-martin-couture-spring-summer-2023-paris/Juana-Martin-Couture-Spring-Summer-2023-Paris-Fashion-Week-Runway-011.jpg,391465,1706,2560,JPEG,RGB
https://door11.com/juana-martin-couture-spring-summer-2023-paris/,https://media.door11.com/wp-content/uploads/2023/01/Juana-Martin-Couture-Spring-Summer-2023-Paris-Fashion-Week-Runway-015.jpg,,Juana-Martin-Couture-Spring-Summer-2023-Paris-Fashion-Week-Runway-015.jpg,juana-martin-couture-spring-summer-2023-paris/Juana-Martin-Couture-Spring-Summer-2023-Paris-Fashion-Week-Runway-015.jpg,449213,1706,2560,JPEG,RGB
https://door11.com/juana-martin-couture-spring-summer-2023-paris/,https://media.door11.com/wp-content/uploads/2023/01/Juana-Martin-Couture-Spring-Summer-2023-Paris-Fashion-Week-Runway-019.jpg,,Juana-Martin-Couture-Spring-Summer-2023-Paris-Fashion-Week-Runway-019.jpg,juana-martin-couture-spring-summer-2023-paris/Juana-Martin-Couture-Spring-Summer-2023-Paris-Fashion-Week-Runway-019.jpg,398108,1706,2560,JPEG,RGB
https://door11.com/juana-martin-couture-spring-summer-2023-paris/,https://media.door11.com/wp-content/uploads/2023/01/Juana-Martin-Couture-Spring-Summer-2023-Paris-Fashion-Week-Runway-004.jpg,,Juana-Martin-Couture-Spring-Summer-2023-Paris-Fashion-Week-Runway-004.jpg,juana-martin-couture-spring-summer-2023-paris/Juana-Martin-Couture-Spring-Summer-2023-Paris-Fashion-Week-Runway-004.jpg,416896,1706,2560,JPEG,RGB
https://door11.com/juana-martin-couture-spring-summer-2023-paris/,https://media.door11.com/wp-content/uploads/2023/01/Juana-Martin-Couture-Spring-Summer-2023-Paris-Fashion-Week-Runway-008.jpg,,Juana-Martin-Couture-Spring-Summer-2023-Paris-Fashion-Week-Runway-008.jpg,juana-martin-couture-spring-summer-2023-paris/Juana-Martin-Couture-Spring-Summer-2023-Paris-Fashion-Week-Runway-008.jpg,406193,1706,2560,JPEG,RGB
https://door11.com/juana-martin-couture-spring-summer-2023-paris/,https://media.door11.com/wp-content/uploads/2023/01/Juana-Martin-Couture-Spring-Summer-2023-Paris-Fashion-Week-Runway-012.jpg,,Juana-Martin-Couture-Spring-Summer-2023-Paris-Fashion-Week-Runway-012.jpg,juana-martin-couture-spring-summer-2023-paris/Juana-Martin-Couture-Spring-Summer-2023-Paris-Fashion-Week-Runway-012.jpg,429479,1706,2560,JPEG,RGB
https://door11.com/juana-martin-couture-spring-summer-2023-paris/,https://media.door11.com/wp-content/uploads/2023/01/Juana-Martin-Couture-Spring-Summer-2023-Paris-Fashion-Week-Runway-016.jpg,,Juana-Martin-Couture-Spring-Summer-2023-Paris-Fashion-Week-Runway-016.jpg,juana-martin-couture-spring-summer-2023-paris/Juana-Martin-Couture-Spring-Summer-2023-Paris-Fashion-Week-Runway-016.jpg,526082,1706,2560,JPEG,RGB
https://door11.com/juana-martin-couture-spring-summer-2023-paris/,https://media.door11.com/wp-content/uploads/2023/01/Juana-Martin-Couture-Spring-Summer-2023-Paris-Fashion-Week-Runway-020.jpg,,Juana-Martin-Couture-Spring-Summer-2023-Paris-Fashion-Week-Runway-020.jpg,juana-martin-couture-spring-summer-2023-paris/Juana-Martin-Couture-Spring-Summer-2023-Paris-Fashion-Week-Runway-020.jpg,381474,1706,2560,JPEG,RGB
https://door11.com/imane-ayissi-couture-spring-summer-2023-paris/,https://media.door11.com/wp-content/uploads/2023/01/Imane-Ayissi-Couture-Spring-Summer-2023-Paris-Fashion-Week-Runway-001.jpg,,Imane-Ayissi-Couture-Spring-Summer-2023-Paris-Fashion-Week-Runway-001.jpg,imane-ayissi-couture-spring-summer-2023-paris/Imane-Ayissi-Couture-Spring-Summer-2023-Paris-Fashion-Week-Runway-001.jpg,562315,1706,2560,JPEG,RGB
https://door11.com/imane-ayissi-couture-spring-summer-2023-paris/,https://media.door11.com/wp-content/uploads/2023/01/Imane-Ayissi-Couture-Spring-Summer-2023-Paris-Fashion-Week-Runway-005.jpg,,Imane-Ayissi-Couture-Spring-Summer-2023-Paris-Fashion-Week-Runway-005.jpg,imane-ayissi-couture-spring-summer-2023-paris/Imane-Ayissi-Couture-Spring-Summer-2023-Paris-Fashion-Week-Runway-005.jpg,469242,1706,2560,JPEG,RGB
https://door11.com/imane-ayissi-couture-spring-summer-2023-paris/,https://media.door11.com/wp-content/uploads/2023/01/Imane-Ayissi-Couture-Spring-Summer-2023-Paris-Fashion-Week-Runway-009.jpg,,Imane-Ayissi-Couture-Spring-Summer-2023-Paris-Fashion-Week-Runway-009.jpg,imane-ayissi-couture-spring-summer-2023-paris/Imane-Ayissi-Couture-Spring-Summer-2023-Paris-Fashion-Week-Runway-009.jpg,520461,1706,2560,JPEG,RGB
https://door11.com/imane-ayissi-couture-spring-summer-2023-paris/,https://media.door11.com/wp-content/uploads/2023/01/Imane-Ayissi-Couture-Spring-Summer-2023-Paris-Fashion-Week-Runway-013.jpg,,Imane-Ayissi-Couture-Spring-Summer-2023-Paris-Fashion-Week-Runway-013.jpg,imane-ayissi-couture-spring-summer-2023-paris/Imane-Ayissi-Couture-Spring-Summer-2023-Paris-Fashion-Week-Runway-013.jpg,399754,1706,2560,JPEG,RGB
https://door11.com/imane-ayissi-couture-spring-summer-2023-paris/,https://media.door11.com/wp-content/uploads/2023/01/Imane-Ayissi-Couture-Spring-Summer-2023-Paris-Fashion-Week-Runway-017.jpg,,Imane-Ayissi-Couture-Spring-Summer-2023-Paris-Fashion-Week-Runway-017.jpg,imane-ayissi-couture-spring-summer-2023-paris/Imane-Ayissi-Couture-Spring-Summer-2023-Paris-Fashion-Week-Runway-017.jpg,450097,1706,2560,JPEG,RGB
https://door11.com/imane-ayissi-couture-spring-summer-2023-paris/,https://media.door11.com/wp-content/uploads/2023/01/Imane-Ayissi-Couture-Spring-Summer-2023-Paris-Fashion-Week-Runway-002.jpg,,Imane-Ayissi-Couture-Spring-Summer-2023-Paris-Fashion-Week-Runway-002.jpg,imane-ayissi-couture-spring-summer-2023-paris/Imane-Ayissi-Couture-Spring-Summer-2023-Paris-Fashion-Week-Runway-002.jpg,548590,1706,2560,JPEG,RGB
https://door11.com/imane-ayissi-couture-spring-summer-2023-paris/,https://media.door11.com/wp-content/uploads/2023/01/Imane-Ayissi-Couture-Spring-Summer-2023-Paris-Fashion-Week-Runway-006.jpg,,Imane-Ayissi-Couture-Spring-Summer-2023-Paris-Fashion-Week-Runway-006.jpg,imane-ayissi-couture-spring-summer-2023-paris/Imane-Ayissi-Couture-Spring-Summer-2023-Paris-Fashion-Week-Runway-006.jpg,421937,1706,2560,JPEG,RGB
https://door11.com/imane-ayissi-couture-spring-summer-2023-paris/,https://media.door11.com/wp-content/uploads/2023/01/Imane-Ayissi-Couture-Spring-Summer-2023-Paris-Fashion-Week-Runway-010.jpg,,Imane-Ayissi-Couture-Spring-Summer-2023-Paris-Fashion-Week-Runway-010.jpg,imane-ayissi-couture-spring-summer-2023-paris/Imane-Ayissi-Couture-Spring-Summer-2023-Paris-Fashion-Week-Runway-010.jpg,581316,1706,2560,JPEG,RGB
https://door11.com/imane-ayissi-couture-spring-summer-2023-paris/,https://media.door11.com/wp-content/uploads/2023/01/Imane-Ayissi-Couture-Spring-Summer-2023-Paris-Fashion-Week-Runway-014.jpg,,Imane-Ayissi-Couture-Spring-Summer-2023-Paris-Fashion-Week-Runway-014.jpg,imane-ayissi-couture-spring-summer-2023-paris/Imane-Ayissi-Couture-Spring-Summer-2023-Paris-Fashion-Week-Runway-014.jpg,600859,1706,2560,JPEG,RGB
https://door11.com/imane-ayissi-couture-spring-summer-2023-paris/,https://media.door11.com/wp-content/uploads/2023/01/Imane-Ayissi-Couture-Spring-Summer-2023-Paris-Fashion-Week-Runway-018.jpg,,Imane-Ayissi-Couture-Spring-Summer-2023-Paris-Fashion-Week-Runway-018.jpg,imane-ayissi-couture-spring-summer-2023-paris/Imane-Ayissi-Couture-Spring-Summer-2023-Paris-Fashion-Week-Runway-018.jpg,509753,1706,2560,JPEG,RGB
https://door11.com/imane-ayissi-couture-spring-summer-2023-paris/,https://media.door11.com/wp-content/uploads/2023/01/Imane-Ayissi-Couture-Spring-Summer-2023-Paris-Fashion-Week-Runway-003.jpg,,Imane-Ayissi-Couture-Spring-Summer-2023-Paris-Fashion-Week-Runway-003.jpg,imane-ayissi-couture-spring-summer-2023-paris/Imane-Ayissi-Couture-Spring-Summer-2023-Paris-Fashion-Week-Runway-003.jpg,334541,1706,2560,JPEG,RGB
https://door11.com/imane-ayissi-couture-spring-summer-2023-paris/,https://media.door11.com/wp-content/uploads/2023/01/Imane-Ayissi-Couture-Spring-Summer-2023-Paris-Fashion-Week-Runway-007.jpg,,Imane-Ayissi-Couture-Spring-Summer-2023-Paris-Fashion-Week-Runway-007.jpg,imane-ayissi-couture-spring-summer-2023-paris/Imane-Ayissi-Couture-Spring-Summer-2023-Paris-Fashion-Week-Runway-007.jpg,353486,1706,2560,JPEG,RGB
https://door11.com/imane-ayissi-couture-spring-summer-2023-paris/,https://media.door11.com/wp-content/uploads/2023/01/Imane-Ayissi-Couture-Spring-Summer-2023-Paris-Fashion-Week-Runway-011.jpg,,Imane-Ayissi-Couture-Spring-Summer-2023-Paris-Fashion-Week-Runway-011.jpg,imane-ayissi-couture-spring-summer-2023-paris/Imane-Ayissi-Couture-Spring-Summer-2023-Paris-Fashion-Week-Runway-011.jpg,495465,1706,2560,JPEG,RGB
https://door11.com/imane-ayissi-couture-spring-summer-2023-paris/,https://media.door11.com/wp-content/uploads/2023/01/Imane-Ayissi-Couture-Spring-Summer-2023-Paris-Fashion-Week-Runway-015.jpg,,Imane-Ayissi-Couture-Spring-Summer-2023-Paris-Fashion-Week-Runway-015.jpg,imane-ayissi-couture-spring-summer-2023-paris/Imane-Ayissi-Couture-Spring-Summer-2023-Paris-Fashion-Week-Runway-015.jpg,489066,1706,2560,JPEG,RGB
https://door11.com/imane-ayissi-couture-spring-summer-2023-paris/,https://media.door11.com/wp-content/uploads/2023/01/Imane-Ayissi-Couture-Spring-Summer-2023-Paris-Fashion-Week-Runway-019.jpg,,Imane-Ayissi-Couture-Spring-Summer-2023-Paris-Fashion-Week-Runway-019.jpg,imane-ayissi-couture-spring-summer-2023-paris/Imane-Ayissi-Couture-Spring-Summer-2023-Paris-Fashion-Week-Runway-019.jpg,587426,1706,2560,JPEG,RGB
https://door11.com/imane-ayissi-couture-spring-summer-2023-paris/,https://media.door11.com/wp-content/uploads/2023/01/Imane-Ayissi-Couture-Spring-Summer-2023-Paris-Fashion-Week-Runway-004.jpg,,Imane-Ayissi-Couture-Spring-Summer-2023-Paris-Fashion-Week-Runway-004.jpg,imane-ayissi-couture-spring-summer-2023-paris/Imane-Ayissi-Couture-Spring-Summer-2023-Paris-Fashion-Week-Runway-004.jpg,324518,1706,2560,JPEG,RGB
https://door11.com/imane-ayissi-couture-spring-summer-2023-paris/,https://media.door11.com/wp-content/uploads/2023/01/Imane-Ayissi-Couture-Spring-Summer-2023-Paris-Fashion-Week-Runway-008.jpg,,Imane-Ayissi-Couture-Spring-Summer-2023-Paris-Fashion-Week-Runway-008.jpg,imane-ayissi-couture-spring-summer-2023-paris/Imane-Ayissi-Couture-Spring-Summer-2023-Paris-Fashion-Week-Runway-008.jpg,517527,1706,2560,JPEG,RGB
https://door11.com/imane-ayissi-couture-spring-summer-2023-paris/,https://media.door11.com/wp-content/uploads/2023/01/Imane-Ayissi-Couture-Spring-Summer-2023-Paris-Fashion-Week-Runway-012.jpg,,Imane-Ayissi-Couture-Spring-Summer-2023-Paris-Fashion-Week-Runway-012.jpg,imane-ayissi-couture-spring-summer-2023-paris/Imane-Ayissi-Couture-Spring-Summer-2023-Paris-Fashion-Week-Runway-012.jpg,579219,1706,2560,JPEG,RGB
https://door11.com/imane-ayissi-couture-spring-summer-2023-paris/,https://media.door11.com/wp-content/uploads/2023/01/Imane-Ayissi-Couture-Spring-Summer-2023-Paris-Fashion-Week-Runway-016.jpg,,Imane-Ayissi-Couture-Spring-Summer-2023-Paris-Fashion-Week-Runway-016.jpg,imane-ayissi-couture-spring-summer-2023-paris/Imane-Ayissi-Couture-Spring-Summer-2023-Paris-Fashion-Week-Runway-016.jpg,562125,1706,2560,JPEG,RGB
https://door11.com/imane-ayissi-couture-spring-summer-2023-paris/,https://media.door11.com/wp-content/uploads/2023/01/Imane-Ayissi-Couture-Spring-Summer-2023-Paris-Fashion-Week-Runway-020.jpg,,Imane-Ayissi-Couture-Spring-Summer-2023-Paris-Fashion-Week-Runway-020.jpg,imane-ayissi-couture-spring-summer-2023-paris/Imane-Ayissi-Couture-Spring-Summer-2023-Paris-Fashion-Week-Runway-020.jpg,592019,1706,2560,JPEG,RGB
https://door11.com/aelis-couture-spring-summer-2023-paris/,https://media.door11.com/wp-content/uploads/2023/01/Aelis-Couture-Spring-Summer-2023-Paris-Fashion-Week-Runway-024.jpg,,Aelis-Couture-Spring-Summer-2023-Paris-Fashion-Week-Runway-024.jpg,aelis-couture-spring-summer-2023-paris/Aelis-Couture-Spring-Summer-2023-Paris-Fashion-Week-Runway-024.jpg,404977,1706,2560,JPEG,RGB
https://door11.com/aelis-couture-spring-summer-2023-paris/,https://media.door11.com/wp-content/uploads/2023/01/Aelis-Couture-Spring-Summer-2023-Paris-Fashion-Week-Runway-028.jpg,,Aelis-Couture-Spring-Summer-2023-Paris-Fashion-Week-Runway-028.jpg,aelis-couture-spring-summer-2023-paris/Aelis-Couture-Spring-Summer-2023-Paris-Fashion-Week-Runway-028.jpg,412333,1706,2560,JPEG,RGB
https://door11.com/aelis-couture-spring-summer-2023-paris/,https://media.door11.com/wp-content/uploads/2023/01/Aelis-Couture-Spring-Summer-2023-Paris-Fashion-Week-Runway-032.jpg,,Aelis-Couture-Spring-Summer-2023-Paris-Fashion-Week-Runway-032.jpg,aelis-couture-spring-summer-2023-paris/Aelis-Couture-Spring-Summer-2023-Paris-Fashion-Week-Runway-032.jpg,414262,1706,2560,JPEG,RGB
https://door11.com/aelis-couture-spring-summer-2023-paris/,https://media.door11.com/wp-content/uploads/2023/01/Aelis-Couture-Spring-Summer-2023-Paris-Fashion-Week-Runway-036.jpg,,Aelis-Couture-Spring-Summer-2023-Paris-Fashion-Week-Runway-036.jpg,aelis-couture-spring-summer-2023-paris/Aelis-Couture-Spring-Summer-2023-Paris-Fashion-Week-Runway-036.jpg,354930,1706,2560,JPEG,RGB
https://door11.com/aelis-couture-spring-summer-2023-paris/,https://media.door11.com/wp-content/uploads/2023/01/Aelis-Couture-Spring-Summer-2023-Paris-Fashion-Week-Runway-040.jpg,,Aelis-Couture-Spring-Summer-2023-Paris-Fashion-Week-Runway-040.jpg,aelis-couture-spring-summer-2023-paris/Aelis-Couture-Spring-Summer-2023-Paris-Fashion-Week-Runway-040.jpg,369094,1706,2560,JPEG,RGB
https://door11.com/aelis-couture-spring-summer-2023-paris/,https://media.door11.com/wp-content/uploads/2023/01/Aelis-Couture-Spring-Summer-2023-Paris-Fashion-Week-Runway-025.jpg,,Aelis-Couture-Spring-Summer-2023-Paris-Fashion-Week-Runway-025.jpg,aelis-couture-spring-summer-2023-paris/Aelis-Couture-Spring-Summer-2023-Paris-Fashion-Week-Runway-025.jpg,347661,1706,2560,JPEG,RGB
https://door11.com/aelis-couture-spring-summer-2023-paris/,https://media.door11.com/wp-content/uploads/2023/01/Aelis-Couture-Spring-Summer-2023-Paris-Fashion-Week-Runway-029.jpg,,Aelis-Couture-Spring-Summer-2023-Paris-Fashion-Week-Runway-029.jpg,aelis-couture-spring-summer-2023-paris/Aelis-Couture-Spring-Summer-2023-Paris-Fashion-Week-Runway-029.jpg,370731,1706,2560,JPEG,RGB
https://door11.com/aelis-couture-spring-summer-2023-paris/,https://media.door11.com/wp-content/uploads/2023/01/Aelis-Couture-Spring-Summer-2023-Paris-Fashion-Week-Runway-033.jpg,,Aelis-Couture-Spring-Summer-2023-Paris-Fashion-Week-Runway-033.jpg,aelis-couture-spring-summer-2023-paris/Aelis-Couture-Spring-Summer-2023-Paris-Fashion-Week-Runway-033.jpg,383611,1706,2560,JPEG,RGB
https://door11.com/aelis-couture-spring-summer-2023-paris/,https://media.door11.com/wp-content/uploads/2023/01/Aelis-Couture-Spring-Summer-2023-Paris-Fashion-Week-Runway-037.jpg,,Aelis-Couture-Spring-Summer-2023-Paris-Fashion-Week-Runway-037.jpg,aelis-couture-spring-summer-2023-paris/Aelis-Couture-Spring-Summer-2023-Paris-Fashion-Week-Runway-037.jpg,325915,1706,2560,JPEG,RGB
https://door11.com/aelis-couture-spring-summer-2023-paris/,https://media.door11.com/wp-content/uploads/2023/01/Aelis-Couture-Spring-Summer-2023-Paris-Fashion-Week-Runway-041.jpg,,Aelis-Couture-Spring-Summer-2023-Paris-Fashion-Week-Runway-041.jpg,aelis-couture-spring-summer-2023-paris/Aelis-Couture-Spring-Summer-2023-Paris-Fashion-Week-Runway-041.jpg,419907,1706,2560,JPEG,RGB
https://door11.com/aelis-couture-spring-summer-2023-paris/,https://media.door11.com/wp-content/uploads/2023/01/Aelis-Couture-Spring-Summer-2023-Paris-Fashion-Week-Runway-026.jpg,,Aelis-Couture-Spring-Summer-2023-Paris-Fashion-Week-Runway-026.jpg,aelis-couture-spring-summer-2023-paris/Aelis-Couture-Spring-Summer-2023-Paris-Fashion-Week-Runway-026.jpg,379617,1706,2560,JPEG,RGB
https://door11.com/aelis-couture-spring-summer-2023-paris/,https://media.door11.com/wp-content/uploads/2023/01/Aelis-Couture-Spring-Summer-2023-Paris-Fashion-Week-Runway-030.jpg,,Aelis-Couture-Spring-Summer-2023-Paris-Fashion-Week-Runway-030.jpg,aelis-couture-spring-summer-2023-paris/Aelis-Couture-Spring-Summer-2023-Paris-Fashion-Week-Runway-030.jpg,365891,1706,2560,JPEG,RGB
https://door11.com/aelis-couture-spring-summer-2023-paris/,https://media.door11.com/wp-content/uploads/2023/01/Aelis-Couture-Spring-Summer-2023-Paris-Fashion-Week-Runway-034.jpg,,Aelis-Couture-Spring-Summer-2023-Paris-Fashion-Week-Runway-034.jpg,aelis-couture-spring-summer-2023-paris/Aelis-Couture-Spring-Summer-2023-Paris-Fashion-Week-Runway-034.jpg,416699,1706,2560,JPEG,RGB
https://door11.com/aelis-couture-spring-summer-2023-paris/,https://media.door11.com/wp-content/uploads/2023/01/Aelis-Couture-Spring-Summer-2023-Paris-Fashion-Week-Runway-038.jpg,,Aelis-Couture-Spring-Summer-2023-Paris-Fashion-Week-Runway-038.jpg,aelis-couture-spring-summer-2023-paris/Aelis-Couture-Spring-Summer-2023-Paris-Fashion-Week-Runway-038.jpg,367138,1706,2560,JPEG,RGB
https://door11.com/aelis-couture-spring-summer-2023-paris/,https://media.door11.com/wp-content/uploads/2023/01/Aelis-Couture-Spring-Summer-2023-Paris-Fashion-Week-Runway-042.jpg,,Aelis-Couture-Spring-Summer-2023-Paris-Fashion-Week-Runway-042.jpg,aelis-couture-spring-summer-2023-paris/Aelis-Couture-Spring-Summer-2023-Paris-Fashion-Week-Runway-042.jpg,400955,1706,2560,JPEG,RGB
https://door11.com/aelis-couture-spring-summer-2023-paris/,https://media.door11.com/wp-content/uploads/2023/01/Aelis-Couture-Spring-Summer-2023-Paris-Fashion-Week-Runway-027.jpg,,Aelis-Couture-Spring-Summer-2023-Paris-Fashion-Week-Runway-027.jpg,aelis-couture-spring-summer-2023-paris/Aelis-Couture-Spring-Summer-2023-Paris-Fashion-Week-Runway-027.jpg,400802,1706,2560,JPEG,RGB
https://door11.com/aelis-couture-spring-summer-2023-paris/,https://media.door11.com/wp-content/uploads/2023/01/Aelis-Couture-Spring-Summer-2023-Paris-Fashion-Week-Runway-031.jpg,,Aelis-Couture-Spring-Summer-2023-Paris-Fashion-Week-Runway-031.jpg,aelis-couture-spring-summer-2023-paris/Aelis-Couture-Spring-Summer-2023-Paris-Fashion-Week-Runway-031.jpg,373504,1706,2560,JPEG,RGB
https://door11.com/aelis-couture-spring-summer-2023-paris/,https://media.door11.com/wp-content/uploads/2023/01/Aelis-Couture-Spring-Summer-2023-Paris-Fashion-Week-Runway-035.jpg,,Aelis-Couture-Spring-Summer-2023-Paris-Fashion-Week-Runway-035.jpg,aelis-couture-spring-summer-2023-paris/Aelis-Couture-Spring-Summer-2023-Paris-Fashion-Week-Runway-035.jpg,337884,1706,2560,JPEG,RGB
https://door11.com/aelis-couture-spring-summer-2023-paris/,https://media.door11.com/wp-content/uploads/2023/01/Aelis-Couture-Spring-Summer-2023-Paris-Fashion-Week-Runway-039.jpg,,Aelis-Couture-Spring-Summer-2023-Paris-Fashion-Week-Runway-039.jpg,aelis-couture-spring-summer-2023-paris/Aelis-Couture-Spring-Summer-2023-Paris-Fashion-Week-Runway-039.jpg,372811,1706,2560,JPEG,RGB
https://door11.com/aelis-couture-spring-summer-2023-paris/,https://media.door11.com/wp-content/uploads/2023/01/Aelis-Couture-Spring-Summer-2023-Paris-Fashion-Week-Runway-043.jpg,,Aelis-Couture-Spring-Summer-2023-Paris-Fashion-Week-Runway-043.jpg,aelis-couture-spring-summer-2023-paris/Aelis-Couture-Spring-Summer-2023-Paris-Fashion-Week-Runway-043.jpg,392171,1706,2560,JPEG,RGB
https://door11.com/valentino-couture-spring-summer-2023-paris/,https://media.door11.com/wp-content/uploads/2023/01/Valentino-Couture-Spring-Summer-2023-Paris-Fashion-Week-Runway-001.jpg,,Valentino-Couture-Spring-Summer-2023-Paris-Fashion-Week-Runway-001.jpg,valentino-couture-spring-summer-2023-paris/Valentino-Couture-Spring-Summer-2023-Paris-Fashion-Week-Runway-001.jpg,141725,1706,2560,JPEG,RGB
https://door11.com/valentino-couture-spring-summer-2023-paris/,https://media.door11.com/wp-content/uploads/2023/01/Valentino-Couture-Spring-Summer-2023-Paris-Fashion-Week-Runway-005.jpg,,Valentino-Couture-Spring-Summer-2023-Paris-Fashion-Week-Runway-005.jpg,valentino-couture-spring-summer-2023-paris/Valentino-Couture-Spring-Summer-2023-Paris-Fashion-Week-Runway-005.jpg,194880,1706,2560,JPEG,RGB
https://door11.com/valentino-couture-spring-summer-2023-paris/,https://media.door11.com/wp-content/uploads/2023/01/Valentino-Couture-Spring-Summer-2023-Paris-Fashion-Week-Runway-009.jpg,,Valentino-Couture-Spring-Summer-2023-Paris-Fashion-Week-Runway-009.jpg,valentino-couture-spring-summer-2023-paris/Valentino-Couture-Spring-Summer-2023-Paris-Fashion-Week-Runway-009.jpg,285524,1706,2560,JPEG,RGB
https://door11.com/valentino-couture-spring-summer-2023-paris/,https://media.door11.com/wp-content/uploads/2023/01/Valentino-Couture-Spring-Summer-2023-Paris-Fashion-Week-Runway-013.jpg,,Valentino-Couture-Spring-Summer-2023-Paris-Fashion-Week-Runway-013.jpg,valentino-couture-spring-summer-2023-paris/Valentino-Couture-Spring-Summer-2023-Paris-Fashion-Week-Runway-013.jpg,127577,1706,2560,JPEG,RGB
https://door11.com/valentino-couture-spring-summer-2023-paris/,https://media.door11.com/wp-content/uploads/2023/01/Valentino-Couture-Spring-Summer-2023-Paris-Fashion-Week-Runway-017.jpg,,Valentino-Couture-Spring-Summer-2023-Paris-Fashion-Week-Runway-017.jpg,valentino-couture-spring-summer-2023-paris/Valentino-Couture-Spring-Summer-2023-Paris-Fashion-Week-Runway-017.jpg,153843,1706,2560,JPEG,RGB
https://door11.com/valentino-couture-spring-summer-2023-paris/,https://media.door11.com/wp-content/uploads/2023/01/Valentino-Couture-Spring-Summer-2023-Paris-Fashion-Week-Runway-002.jpg,,Valentino-Couture-Spring-Summer-2023-Paris-Fashion-Week-Runway-002.jpg,valentino-couture-spring-summer-2023-paris/Valentino-Couture-Spring-Summer-2023-Paris-Fashion-Week-Runway-002.jpg,155813,1706,2560,JPEG,RGB
https://door11.com/valentino-couture-spring-summer-2023-paris/,https://media.door11.com/wp-content/uploads/2023/01/Valentino-Couture-Spring-Summer-2023-Paris-Fashion-Week-Runway-006.jpg,,Valentino-Couture-Spring-Summer-2023-Paris-Fashion-Week-Runway-006.jpg,valentino-couture-spring-summer-2023-paris/Valentino-Couture-Spring-Summer-2023-Paris-Fashion-Week-Runway-006.jpg,162076,1706,2560,JPEG,RGB
https://door11.com/valentino-couture-spring-summer-2023-paris/,https://media.door11.com/wp-content/uploads/2023/01/Valentino-Couture-Spring-Summer-2023-Paris-Fashion-Week-Runway-010.jpg,,Valentino-Couture-Spring-Summer-2023-Paris-Fashion-Week-Runway-010.jpg,valentino-couture-spring-summer-2023-paris/Valentino-Couture-Spring-Summer-2023-Paris-Fashion-Week-Runway-010.jpg,348160,1706,2560,JPEG,RGB
https://door11.com/valentino-couture-spring-summer-2023-paris/,https://media.door11.com/wp-content/uploads/2023/01/Valentino-Couture-Spring-Summer-2023-Paris-Fashion-Week-Runway-014.jpg,,Valentino-Couture-Spring-Summer-2023-Paris-Fashion-Week-Runway-014.jpg,valentino-couture-spring-summer-2023-paris/Valentino-Couture-Spring-Summer-2023-Paris-Fashion-Week-Runway-014.jpg,251171,1706,2560,JPEG,RGB
https://door11.com/valentino-couture-spring-summer-2023-paris/,https://media.door11.com/wp-content/uploads/2023/01/Valentino-Couture-Spring-Summer-2023-Paris-Fashion-Week-Runway-018.jpg,,Valentino-Couture-Spring-Summer-2023-Paris-Fashion-Week-Runway-018.jpg,valentino-couture-spring-summer-2023-paris/Valentino-Couture-Spring-Summer-2023-Paris-Fashion-Week-Runway-018.jpg,145377,1706,2560,JPEG,RGB
https://door11.com/valentino-couture-spring-summer-2023-paris/,https://media.door11.com/wp-content/uploads/2023/01/Valentino-Couture-Spring-Summer-2023-Paris-Fashion-Week-Runway-003.jpg,,Valentino-Couture-Spring-Summer-2023-Paris-Fashion-Week-Runway-003.jpg,valentino-couture-spring-summer-2023-paris/Valentino-Couture-Spring-Summer-2023-Paris-Fashion-Week-Runway-003.jpg,172256,1706,2560,JPEG,RGB
https://door11.com/valentino-couture-spring-summer-2023-paris/,https://media.door11.com/wp-content/uploads/2023/01/Valentino-Couture-Spring-Summer-2023-Paris-Fashion-Week-Runway-007.jpg,,Valentino-Couture-Spring-Summer-2023-Paris-Fashion-Week-Runway-007.jpg,valentino-couture-spring-summer-2023-paris/Valentino-Couture-Spring-Summer-2023-Paris-Fashion-Week-Runway-007.jpg,306147,1706,2560,JPEG,RGB
https://door11.com/valentino-couture-spring-summer-2023-paris/,https://media.door11.com/wp-content/uploads/2023/01/Valentino-Couture-Spring-Summer-2023-Paris-Fashion-Week-Runway-011.jpg,,Valentino-Couture-Spring-Summer-2023-Paris-Fashion-Week-Runway-011.jpg,valentino-couture-spring-summer-2023-paris/Valentino-Couture-Spring-Summer-2023-Paris-Fashion-Week-Runway-011.jpg,224286,1706,2560,JPEG,RGB
https://door11.com/valentino-couture-spring-summer-2023-paris/,https://media.door11.com/wp-content/uploads/2023/01/Valentino-Couture-Spring-Summer-2023-Paris-Fashion-Week-Runway-015.jpg,,Valentino-Couture-Spring-Summer-2023-Paris-Fashion-Week-Runway-015.jpg,valentino-couture-spring-summer-2023-paris/Valentino-Couture-Spring-Summer-2023-Paris-Fashion-Week-Runway-015.jpg,157407,1706,2560,JPEG,RGB
https://door11.com/valentino-couture-spring-summer-2023-paris/,https://media.door11.com/wp-content/uploads/2023/01/Valentino-Couture-Spring-Summer-2023-Paris-Fashion-Week-Runway-019.jpg,,Valentino-Couture-Spring-Summer-2023-Paris-Fashion-Week-Runway-019.jpg,valentino-couture-spring-summer-2023-paris/Valentino-Couture-Spring-Summer-2023-Paris-Fashion-Week-Runway-019.jpg,184722,1706,2560,JPEG,RGB
https://door11.com/valentino-couture-spring-summer-2023-paris/,https://media.door11.com/wp-content/uploads/2023/01/Valentino-Couture-Spring-Summer-2023-Paris-Fashion-Week-Runway-004.jpg,,Valentino-Couture-Spring-Summer-2023-Paris-Fashion-Week-Runway-004.jpg,valentino-couture-spring-summer-2023-paris/Valentino-Couture-Spring-Summer-2023-Paris-Fashion-Week-Runway-004.jpg,223597,1706,2560,JPEG,RGB
https://door11.com/valentino-couture-spring-summer-2023-paris/,https://media.door11.com/wp-content/uploads/2023/01/Valentino-Couture-Spring-Summer-2023-Paris-Fashion-Week-Runway-008.jpg,,Valentino-Couture-Spring-Summer-2023-Paris-Fashion-Week-Runway-008.jpg,valentino-couture-spring-summer-2023-paris/Valentino-Couture-Spring-Summer-2023-Paris-Fashion-Week-Runway-008.jpg,288383,1706,2560,JPEG,RGB
https://door11.com/valentino-couture-spring-summer-2023-paris/,https://media.door11.com/wp-content/uploads/2023/01/Valentino-Couture-Spring-Summer-2023-Paris-Fashion-Week-Runway-012.jpg,,Valentino-Couture-Spring-Summer-2023-Paris-Fashion-Week-Runway-012.jpg,valentino-couture-spring-summer-2023-paris/Valentino-Couture-Spring-Summer-2023-Paris-Fashion-Week-Runway-012.jpg,139274,1706,2560,JPEG,RGB
https://door11.com/valentino-couture-spring-summer-2023-paris/,https://media.door11.com/wp-content/uploads/2023/01/Valentino-Couture-Spring-Summer-2023-Paris-Fashion-Week-Runway-016.jpg,,Valentino-Couture-Spring-Summer-2023-Paris-Fashion-Week-Runway-016.jpg,valentino-couture-spring-summer-2023-paris/Valentino-Couture-Spring-Summer-2023-Paris-Fashion-Week-Runway-016.jpg,165982,1706,2560,JPEG,RGB
https://door11.com/valentino-couture-spring-summer-2023-paris/,https://media.door11.com/wp-content/uploads/2023/01/Valentino-Couture-Spring-Summer-2023-Paris-Fashion-Week-Runway-020.jpg,,Valentino-Couture-Spring-Summer-2023-Paris-Fashion-Week-Runway-020.jpg,valentino-couture-spring-summer-2023-paris/Valentino-Couture-Spring-Summer-2023-Paris-Fashion-Week-Runway-020.jpg,169479,1706,2560,JPEG,RGB
https://door11.com/on-aura-tout-vu-couture-spring-summer-2023-paris/,https://media.door11.com/wp-content/uploads/2023/01/On-Aura-Tout-Vu-Couture-Spring-Summer-2023-Paris-Fashion-Week-Runway-001.jpg,,On-Aura-Tout-Vu-Couture-Spring-Summer-2023-Paris-Fashion-Week-Runway-001.jpg,on-aura-tout-vu-couture-spring-summer-2023-paris/On-Aura-Tout-Vu-Couture-Spring-Summer-2023-Paris-Fashion-Week-Runway-001.jpg,279395,1708,2560,JPEG,RGB
https://door11.com/on-aura-tout-vu-couture-spring-summer-2023-paris/,https://media.door11.com/wp-content/uploads/2023/01/On-Aura-Tout-Vu-Couture-Spring-Summer-2023-Paris-Fashion-Week-Runway-005.jpg,,On-Aura-Tout-Vu-Couture-Spring-Summer-2023-Paris-Fashion-Week-Runway-005.jpg,on-aura-tout-vu-couture-spring-summer-2023-paris/On-Aura-Tout-Vu-Couture-Spring-Summer-2023-Paris-Fashion-Week-Runway-005.jpg,271825,1706,2560,JPEG,RGB
https://door11.com/on-aura-tout-vu-couture-spring-summer-2023-paris/,https://media.door11.com/wp-content/uploads/2023/01/On-Aura-Tout-Vu-Couture-Spring-Summer-2023-Paris-Fashion-Week-Runway-009.jpg,,On-Aura-Tout-Vu-Couture-Spring-Summer-2023-Paris-Fashion-Week-Runway-009.jpg,on-aura-tout-vu-couture-spring-summer-2023-paris/On-Aura-Tout-Vu-Couture-Spring-Summer-2023-Paris-Fashion-Week-Runway-009.jpg,332603,1706,2560,JPEG,RGB
https://door11.com/on-aura-tout-vu-couture-spring-summer-2023-paris/,https://media.door11.com/wp-content/uploads/2023/01/On-Aura-Tout-Vu-Couture-Spring-Summer-2023-Paris-Fashion-Week-Runway-013.jpg,,On-Aura-Tout-Vu-Couture-Spring-Summer-2023-Paris-Fashion-Week-Runway-013.jpg,on-aura-tout-vu-couture-spring-summer-2023-paris/On-Aura-Tout-Vu-Couture-Spring-Summer-2023-Paris-Fashion-Week-Runway-013.jpg,416920,1706,2560,JPEG,RGB
https://door11.com/on-aura-tout-vu-couture-spring-summer-2023-paris/,https://media.door11.com/wp-content/uploads/2023/01/On-Aura-Tout-Vu-Couture-Spring-Summer-2023-Paris-Fashion-Week-Runway-017.jpg,,On-Aura-Tout-Vu-Couture-Spring-Summer-2023-Paris-Fashion-Week-Runway-017.jpg,on-aura-tout-vu-couture-spring-summer-2023-paris/On-Aura-Tout-Vu-Couture-Spring-Summer-2023-Paris-Fashion-Week-Runway-017.jpg,414884,1706,2560,JPEG,RGB
https://door11.com/on-aura-tout-vu-couture-spring-summer-2023-paris/,https://media.door11.com/wp-content/uploads/2023/01/On-Aura-Tout-Vu-Couture-Spring-Summer-2023-Paris-Fashion-Week-Runway-002.jpg,,On-Aura-Tout-Vu-Couture-Spring-Summer-2023-Paris-Fashion-Week-Runway-002.jpg,on-aura-tout-vu-couture-spring-summer-2023-paris/On-Aura-Tout-Vu-Couture-Spring-Summer-2023-Paris-Fashion-Week-Runway-002.jpg,255109,1706,2560,JPEG,RGB
https://door11.com/on-aura-tout-vu-couture-spring-summer-2023-paris/,https://media.door11.com/wp-content/uploads/2023/01/On-Aura-Tout-Vu-Couture-Spring-Summer-2023-Paris-Fashion-Week-Runway-006.jpg,,On-Aura-Tout-Vu-Couture-Spring-Summer-2023-Paris-Fashion-Week-Runway-006.jpg,on-aura-tout-vu-couture-spring-summer-2023-paris/On-Aura-Tout-Vu-Couture-Spring-Summer-2023-Paris-Fashion-Week-Runway-006.jpg,266774,1706,2560,JPEG,RGB
https://door11.com/on-aura-tout-vu-couture-spring-summer-2023-paris/,https://media.door11.com/wp-content/uploads/2023/01/On-Aura-Tout-Vu-Couture-Spring-Summer-2023-Paris-Fashion-Week-Runway-010.jpg,,On-Aura-Tout-Vu-Couture-Spring-Summer-2023-Paris-Fashion-Week-Runway-010.jpg,on-aura-tout-vu-couture-spring-summer-2023-paris/On-Aura-Tout-Vu-Couture-Spring-Summer-2023-Paris-Fashion-Week-Runway-010.jpg,256420,1706,2560,JPEG,RGB
https://door11.com/on-aura-tout-vu-couture-spring-summer-2023-paris/,https://media.door11.com/wp-content/uploads/2023/01/On-Aura-Tout-Vu-Couture-Spring-Summer-2023-Paris-Fashion-Week-Runway-014.jpg,,On-Aura-Tout-Vu-Couture-Spring-Summer-2023-Paris-Fashion-Week-Runway-014.jpg,on-aura-tout-vu-couture-spring-summer-2023-paris/On-Aura-Tout-Vu-Couture-Spring-Summer-2023-Paris-Fashion-Week-Runway-014.jpg,343473,1706,2560,JPEG,RGB
https://door11.com/on-aura-tout-vu-couture-spring-summer-2023-paris/,https://media.door11.com/wp-content/uploads/2023/01/On-Aura-Tout-Vu-Couture-Spring-Summer-2023-Paris-Fashion-Week-Runway-018.jpg,,On-Aura-Tout-Vu-Couture-Spring-Summer-2023-Paris-Fashion-Week-Runway-018.jpg,on-aura-tout-vu-couture-spring-summer-2023-paris/On-Aura-Tout-Vu-Couture-Spring-Summer-2023-Paris-Fashion-Week-Runway-018.jpg,320507,1706,2560,JPEG,RGB
https://door11.com/on-aura-tout-vu-couture-spring-summer-2023-paris/,https://media.door11.com/wp-content/uploads/2023/01/On-Aura-Tout-Vu-Couture-Spring-Summer-2023-Paris-Fashion-Week-Runway-003.jpg,,On-Aura-Tout-Vu-Couture-Spring-Summer-2023-Paris-Fashion-Week-Runway-003.jpg,on-aura-tout-vu-couture-spring-summer-2023-paris/On-Aura-Tout-Vu-Couture-Spring-Summer-2023-Paris-Fashion-Week-Runway-003.jpg,246343,1706,2560,JPEG,RGB
https://door11.com/on-aura-tout-vu-couture-spring-summer-2023-paris/,https://media.door11.com/wp-content/uploads/2023/01/On-Aura-Tout-Vu-Couture-Spring-Summer-2023-Paris-Fashion-Week-Runway-007.jpg,,On-Aura-Tout-Vu-Couture-Spring-Summer-2023-Paris-Fashion-Week-Runway-007.jpg,on-aura-tout-vu-couture-spring-summer-2023-paris/On-Aura-Tout-Vu-Couture-Spring-Summer-2023-Paris-Fashion-Week-Runway-007.jpg,387257,1706,2560,JPEG,RGB
https://door11.com/on-aura-tout-vu-couture-spring-summer-2023-paris/,https://media.door11.com/wp-content/uploads/2023/01/On-Aura-Tout-Vu-Couture-Spring-Summer-2023-Paris-Fashion-Week-Runway-011.jpg,,On-Aura-Tout-Vu-Couture-Spring-Summer-2023-Paris-Fashion-Week-Runway-011.jpg,on-aura-tout-vu-couture-spring-summer-2023-paris/On-Aura-Tout-Vu-Couture-Spring-Summer-2023-Paris-Fashion-Week-Runway-011.jpg,336370,1706,2560,JPEG,RGB
